TxID,Date,GameTitle,Genre,Platform,PriceUSD,Country,Refunded,SupportTicketRaised
TX-200001,2026-03-18,LifeSpace,Life Simulation,PC,49.99,FR,FALSE,TRUE
TX-200002,2025-11-17,Streetline Skate,Skateboarding,Xbox,39.99,JP,FALSE,FALSE
TX-200003,2025-11-01,Highland Velocity,Racing,PlayStation,59.99,DE,FALSE,FALSE
TX-200004,2025-05-23,Apex Circuit,Racing,Switch,59.99,AU,FALSE,FALSE
TX-200005,2025-09-16,Highland Velocity,Racing,PlayStation,59.99,BR,FALSE,FALSE
TX-200006,2024-06-08,Apex Circuit,Racing,PC,59.99,UK,FALSE,FALSE
TX-200007,2024-06-12,Streetline Skate,Skateboarding,PlayStation,39.99,AU,FALSE,FALSE
TX-200008,2024-12-10,Highland Velocity,Racing,PC,59.99,JP,FALSE,TRUE
TX-200009,2025-05-25,Streetline Skate,Skateboarding,PlayStation,39.99,UK,FALSE,FALSE
TX-200010,2024-12-06,Streetline Skate,Skateboarding,PlayStation,39.99,BR,FALSE,FALSE
TX-200011,2024-11-17,Streetline Skate,Skateboarding,PlayStation,39.99,AU,FALSE,FALSE
TX-200012,2024-11-27,Apex Circuit,Racing,PC,59.99,CA,TRUE,FALSE
TX-200013,2025-06-20,Streetline Skate,Skateboarding,PC,39.99,US,FALSE,TRUE
TX-200014,2025-04-20,Streetline Skate,Skateboarding,Xbox,39.99,UK,FALSE,FALSE
TX-200015,2025-06-01,Streetline Skate,Skateboarding,PlayStation,39.99,JP,FALSE,FALSE
TX-200016,2024-09-22,Apex Circuit,Racing,Xbox,59.99,DE,FALSE,FALSE
TX-200017,2025-09-11,LifeSpace,Life Simulation,PC,49.99,DE,FALSE,FALSE
TX-200018,2026-04-12,Streetline Skate,Skateboarding,PC,39.99,US,FALSE,FALSE
TX-200019,2025-05-12,Apex Circuit,Racing,PlayStation,59.99,FR,FALSE,FALSE
TX-200020,2025-09-18,Highland Velocity,Racing,Switch,59.99,CA,FALSE,FALSE
TX-200021,2025-11-09,Streetline Skate,Skateboarding,PC,39.99,BR,FALSE,FALSE
TX-200022,2024-07-07,Highland Velocity,Racing,Xbox,59.99,JP,FALSE,FALSE
TX-200023,2026-04-04,LifeSpace,Life Simulation,PC,49.99,FR,FALSE,FALSE
TX-200024,2024-11-03,Highland Velocity,Racing,PC,59.99,AU,FALSE,FALSE
TX-200025,2025-06-02,Apex Circuit,Racing,Xbox,59.99,JP,FALSE,FALSE
TX-200026,2025-06-20,Streetline Skate,Skateboarding,Xbox,39.99,BR,FALSE,FALSE
TX-200027,2024-08-06,Apex Circuit,Racing,PC,59.99,AU,FALSE,FALSE
TX-200028,2026-04-01,Highland Velocity,Racing,PlayStation,59.99,DE,FALSE,FALSE
TX-200029,2026-02-05,Highland Velocity,Racing,PlayStation,59.99,UK,FALSE,FALSE
TX-200030,2025-12-27,LifeSpace,Life Simulation,PC,49.99,DE,FALSE,FALSE
TX-200031,2024-12-07,Highland Velocity,Racing,PC,59.99,BR,FALSE,FALSE
TX-200032,2026-01-07,Streetline Skate,Skateboarding,PC,39.99,JP,FALSE,FALSE
TX-200033,2026-01-19,Streetline Skate,Skateboarding,PlayStation,39.99,BR,FALSE,FALSE
TX-200034,2026-03-15,Streetline Skate,Skateboarding,PlayStation,39.99,CA,FALSE,FALSE
TX-200035,2026-05-20,Streetline Skate,Skateboarding,Xbox,39.99,CA,FALSE,FALSE
TX-200036,2024-12-31,Highland Velocity,Racing,PlayStation,59.99,AU,FALSE,FALSE
TX-200037,2026-01-27,Streetline Skate,Skateboarding,PC,39.99,US,FALSE,FALSE
TX-200038,2024-07-17,LifeSpace,Life Simulation,PC,49.99,DE,FALSE,FALSE
TX-200039,2025-08-13,Highland Velocity,Racing,PC,59.99,DE,FALSE,FALSE
TX-200040,2026-01-14,Streetline Skate,Skateboarding,PlayStation,39.99,CA,FALSE,FALSE
TX-200041,2025-08-10,Apex Circuit,Racing,PC,59.99,US,FALSE,FALSE
TX-200042,2024-09-05,Highland Velocity,Racing,PC,59.99,JP,FALSE,FALSE
TX-200043,2024-10-04,Apex Circuit,Racing,Xbox,59.99,FR,FALSE,FALSE
TX-200044,2024-09-05,Apex Circuit,Racing,Switch,59.99,FR,FALSE,FALSE
TX-200045,2024-12-17,Highland Velocity,Racing,Xbox,59.99,FR,FALSE,FALSE
TX-200046,2024-11-29,Highland Velocity,Racing,PlayStation,59.99,BR,FALSE,FALSE
TX-200047,2026-05-24,LifeSpace,Life Simulation,PC,49.99,FR,FALSE,FALSE
TX-200048,2024-06-06,Highland Velocity,Racing,PC,59.99,DE,FALSE,FALSE
TX-200049,2025-11-27,Streetline Skate,Skateboarding,PC,39.99,CA,FALSE,FALSE
TX-200050,2026-02-11,Apex Circuit,Racing,Xbox,59.99,CA,FALSE,TRUE
TX-200051,2024-11-28,Highland Velocity,Racing,Xbox,59.99,CA,FALSE,FALSE
TX-200052,2025-09-22,Apex Circuit,Racing,PlayStation,59.99,AU,FALSE,FALSE
TX-200053,2025-10-02,Apex Circuit,Racing,PC,59.99,DE,FALSE,FALSE
TX-200054,2025-02-01,Highland Velocity,Racing,PlayStation,59.99,UK,FALSE,FALSE
TX-200055,2025-03-12,Streetline Skate,Skateboarding,PlayStation,39.99,CA,FALSE,FALSE
TX-200056,2026-05-18,Streetline Skate,Skateboarding,Xbox,39.99,CA,FALSE,FALSE
TX-200057,2024-08-19,Streetline Skate,Skateboarding,PC,39.99,CA,FALSE,FALSE
TX-200058,2025-05-30,LifeSpace,Life Simulation,PC,49.99,BR,FALSE,FALSE
TX-200059,2025-08-02,Streetline Skate,Skateboarding,PC,39.99,FR,FALSE,FALSE
TX-200060,2025-01-16,Apex Circuit,Racing,PC,59.99,FR,FALSE,FALSE
TX-200061,2024-12-30,Streetline Skate,Skateboarding,Xbox,39.99,JP,FALSE,FALSE
TX-200062,2025-02-17,Apex Circuit,Racing,PlayStation,59.99,CA,FALSE,FALSE
TX-200063,2026-02-23,Highland Velocity,Racing,Xbox,59.99,UK,FALSE,FALSE
TX-200064,2025-12-30,Apex Circuit,Racing,PC,59.99,US,FALSE,FALSE
TX-200065,2025-08-02,Apex Circuit,Racing,PC,59.99,UK,FALSE,FALSE
TX-200066,2025-08-22,Streetline Skate,Skateboarding,PC,39.99,CA,FALSE,TRUE
TX-200067,2025-10-04,Streetline Skate,Skateboarding,PlayStation,39.99,CA,FALSE,FALSE
TX-200068,2024-08-24,Highland Velocity,Racing,Xbox,59.99,US,FALSE,FALSE
TX-200069,2024-07-16,Apex Circuit,Racing,PlayStation,59.99,BR,FALSE,FALSE
TX-200070,2025-04-03,Streetline Skate,Skateboarding,PC,39.99,UK,FALSE,FALSE
TX-200071,2024-08-22,Highland Velocity,Racing,Xbox,59.99,US,FALSE,FALSE
TX-200072,2024-08-10,Apex Circuit,Racing,PlayStation,59.99,CA,FALSE,FALSE
TX-200073,2025-12-02,Streetline Skate,Skateboarding,PlayStation,39.99,CA,FALSE,FALSE
TX-200074,2025-02-01,Apex Circuit,Racing,PlayStation,59.99,UK,FALSE,FALSE
TX-200075,2025-07-22,LifeSpace,Life Simulation,PC,49.99,BR,FALSE,FALSE
TX-200076,2025-08-18,LifeSpace,Life Simulation,PC,49.99,BR,FALSE,FALSE
TX-200077,2025-12-05,Streetline Skate,Skateboarding,Xbox,39.99,DE,FALSE,FALSE
TX-200078,2025-09-14,Apex Circuit,Racing,PlayStation,59.99,BR,FALSE,FALSE
TX-200079,2026-04-15,LifeSpace,Life Simulation,PC,49.99,AU,FALSE,FALSE
TX-200080,2026-02-25,Highland Velocity,Racing,PC,59.99,JP,FALSE,FALSE
TX-200081,2026-01-25,Streetline Skate,Skateboarding,PC,39.99,US,FALSE,FALSE
TX-200082,2025-12-15,LifeSpace,Life Simulation,PC,49.99,AU,FALSE,FALSE
TX-200083,2025-06-29,Highland Velocity,Racing,PlayStation,59.99,US,FALSE,FALSE
TX-200084,2025-12-29,LifeSpace,Life Simulation,PC,49.99,CA,FALSE,FALSE
TX-200085,2024-06-06,LifeSpace,Life Simulation,PC,49.99,CA,FALSE,TRUE
TX-200086,2025-01-03,Streetline Skate,Skateboarding,PC,39.99,UK,FALSE,FALSE
TX-200087,2024-08-20,Highland Velocity,Racing,PC,59.99,UK,FALSE,FALSE
TX-200088,2026-01-28,Highland Velocity,Racing,PlayStation,59.99,BR,FALSE,FALSE
TX-200089,2025-01-03,Streetline Skate,Skateboarding,PC,39.99,AU,FALSE,FALSE
TX-200090,2025-12-14,Highland Velocity,Racing,PC,59.99,CA,FALSE,FALSE
TX-200091,2025-06-06,Highland Velocity,Racing,PC,59.99,US,FALSE,FALSE
TX-200092,2025-03-10,Streetline Skate,Skateboarding,Xbox,39.99,CA,FALSE,FALSE
TX-200093,2025-08-13,Apex Circuit,Racing,Xbox,59.99,AU,FALSE,FALSE
TX-200094,2025-04-08,Highland Velocity,Racing,PlayStation,59.99,DE,FALSE,FALSE
TX-200095,2024-06-02,LifeSpace,Life Simulation,PC,49.99,CA,TRUE,FALSE
TX-200096,2024-12-13,Streetline Skate,Skateboarding,PlayStation,39.99,UK,FALSE,FALSE
TX-200097,2025-04-11,Streetline Skate,Skateboarding,PC,39.99,CA,FALSE,FALSE
TX-200098,2025-05-13,Highland Velocity,Racing,Xbox,59.99,BR,FALSE,TRUE
TX-200099,2026-03-24,LifeSpace,Life Simulation,PC,49.99,DE,FALSE,FALSE
TX-200100,2024-10-23,Highland Velocity,Racing,Xbox,59.99,CA,TRUE,FALSE
TX-200101,2026-03-30,LifeSpace,Life Simulation,PlayStation,49.99,FR,FALSE,FALSE
TX-200102,2026-02-05,LifeSpace,Life Simulation,PC,49.99,JP,FALSE,FALSE
TX-200103,2024-12-11,LifeSpace,Life Simulation,PC,49.99,FR,FALSE,FALSE
TX-200104,2025-10-14,LifeSpace,Life Simulation,PC,49.99,US,FALSE,FALSE
TX-200105,2024-09-15,LifeSpace,Life Simulation,PlayStation,49.99,DE,FALSE,FALSE
TX-200106,2025-02-26,Apex Circuit,Racing,PlayStation,59.99,AU,TRUE,FALSE
TX-200107,2025-12-05,Apex Circuit,Racing,Xbox,59.99,JP,FALSE,FALSE
TX-200108,2024-12-08,Streetline Skate,Skateboarding,PlayStation,39.99,AU,FALSE,FALSE
TX-200109,2025-07-30,Apex Circuit,Racing,Xbox,59.99,FR,FALSE,FALSE
TX-200110,2026-02-09,LifeSpace,Life Simulation,PC,49.99,US,FALSE,FALSE
TX-200111,2026-05-31,Apex Circuit,Racing,Xbox,59.99,UK,FALSE,FALSE
TX-200112,2024-08-17,LifeSpace,Life Simulation,PC,49.99,DE,FALSE,FALSE
TX-200113,2026-01-21,LifeSpace,Life Simulation,PlayStation,49.99,JP,FALSE,FALSE
TX-200114,2024-12-15,Highland Velocity,Racing,PC,59.99,UK,FALSE,FALSE
TX-200115,2026-03-22,LifeSpace,Life Simulation,PC,49.99,BR,FALSE,FALSE
TX-200116,2025-02-06,Highland Velocity,Racing,Xbox,59.99,JP,FALSE,FALSE
TX-200117,2026-01-23,Highland Velocity,Racing,Xbox,59.99,FR,FALSE,FALSE
TX-200118,2025-01-18,Apex Circuit,Racing,PC,59.99,US,FALSE,FALSE
TX-200119,2025-09-03,Apex Circuit,Racing,PlayStation,59.99,FR,FALSE,FALSE
TX-200120,2024-09-10,Highland Velocity,Racing,PlayStation,59.99,AU,FALSE,FALSE
TX-200121,2025-12-25,LifeSpace,Life Simulation,PC,49.99,DE,FALSE,TRUE
TX-200122,2025-07-07,LifeSpace,Life Simulation,PC,49.99,BR,FALSE,FALSE
TX-200123,2025-10-23,Streetline Skate,Skateboarding,PlayStation,39.99,CA,FALSE,FALSE
TX-200124,2025-09-06,Apex Circuit,Racing,Xbox,59.99,AU,FALSE,FALSE
TX-200125,2024-09-15,LifeSpace,Life Simulation,PC,49.99,JP,FALSE,TRUE
TX-200126,2026-04-27,Highland Velocity,Racing,PC,59.99,AU,TRUE,FALSE
TX-200127,2024-07-21,Highland Velocity,Racing,PC,59.99,DE,FALSE,FALSE
TX-200128,2025-07-19,LifeSpace,Life Simulation,PC,49.99,FR,FALSE,FALSE
TX-200129,2025-06-03,Apex Circuit,Racing,Xbox,59.99,BR,FALSE,FALSE
TX-200130,2026-02-06,LifeSpace,Life Simulation,PC,49.99,DE,FALSE,FALSE
TX-200131,2024-12-04,Apex Circuit,Racing,PlayStation,59.99,AU,FALSE,FALSE
TX-200132,2025-07-07,Apex Circuit,Racing,Xbox,59.99,FR,FALSE,FALSE
TX-200133,2025-07-13,LifeSpace,Life Simulation,PC,49.99,FR,TRUE,FALSE
TX-200134,2024-06-14,Highland Velocity,Racing,Xbox,59.99,AU,FALSE,FALSE
TX-200135,2026-05-04,Highland Velocity,Racing,PC,59.99,DE,FALSE,FALSE
TX-200136,2025-10-30,Apex Circuit,Racing,Xbox,59.99,CA,FALSE,FALSE
TX-200137,2025-01-12,Apex Circuit,Racing,PC,59.99,UK,FALSE,FALSE
TX-200138,2025-06-23,Apex Circuit,Racing,PlayStation,59.99,FR,FALSE,FALSE
TX-200139,2025-08-14,LifeSpace,Life Simulation,PC,49.99,BR,FALSE,FALSE
TX-200140,2025-09-02,LifeSpace,Life Simulation,PlayStation,49.99,JP,FALSE,FALSE
TX-200141,2025-01-09,Highland Velocity,Racing,Xbox,59.99,AU,FALSE,FALSE
TX-200142,2025-11-14,Apex Circuit,Racing,PC,59.99,AU,FALSE,FALSE
TX-200143,2026-04-29,Apex Circuit,Racing,PlayStation,59.99,BR,TRUE,FALSE
TX-200144,2024-06-12,Streetline Skate,Skateboarding,PC,39.99,DE,FALSE,FALSE
TX-200145,2025-01-07,Streetline Skate,Skateboarding,PlayStation,39.99,DE,FALSE,FALSE
TX-200146,2026-04-06,Apex Circuit,Racing,PC,59.99,FR,FALSE,FALSE
TX-200147,2026-03-31,Highland Velocity,Racing,PlayStation,59.99,AU,FALSE,FALSE
TX-200148,2024-08-15,Streetline Skate,Skateboarding,Xbox,39.99,US,FALSE,FALSE
TX-200149,2024-11-06,Apex Circuit,Racing,PlayStation,59.99,BR,FALSE,FALSE
TX-200150,2024-09-06,Highland Velocity,Racing,Xbox,59.99,US,FALSE,FALSE
TX-200151,2024-10-28,Highland Velocity,Racing,PC,59.99,UK,FALSE,FALSE
TX-200152,2026-05-24,LifeSpace,Life Simulation,PC,49.99,FR,TRUE,TRUE
TX-200153,2026-05-24,LifeSpace,Life Simulation,PC,49.99,FR,FALSE,TRUE
TX-200154,2024-09-23,LifeSpace,Life Simulation,PC,49.99,AU,FALSE,FALSE
TX-200155,2026-02-20,Apex Circuit,Racing,PlayStation,59.99,UK,FALSE,FALSE
TX-200156,2025-11-11,Apex Circuit,Racing,Xbox,59.99,JP,FALSE,FALSE
TX-200157,2025-07-21,Highland Velocity,Racing,PC,59.99,UK,FALSE,FALSE
TX-200158,2026-04-27,Highland Velocity,Racing,PC,59.99,FR,FALSE,FALSE
TX-200159,2025-01-20,Apex Circuit,Racing,Xbox,59.99,BR,FALSE,FALSE
TX-200160,2025-02-28,Highland Velocity,Racing,PlayStation,59.99,JP,FALSE,FALSE
TX-200161,2025-03-09,Highland Velocity,Racing,Xbox,59.99,BR,FALSE,FALSE
TX-200162,2025-11-11,LifeSpace,Life Simulation,PC,49.99,CA,FALSE,FALSE
TX-200163,2026-03-31,Streetline Skate,Skateboarding,PlayStation,39.99,JP,FALSE,FALSE
TX-200164,2024-12-24,Apex Circuit,Racing,PlayStation,59.99,DE,FALSE,FALSE
TX-200165,2025-04-09,Highland Velocity,Racing,PC,59.99,DE,FALSE,FALSE
TX-200166,2026-04-19,Highland Velocity,Racing,PlayStation,59.99,UK,FALSE,FALSE
TX-200167,2025-02-08,Highland Velocity,Racing,Xbox,59.99,DE,FALSE,FALSE
TX-200168,2024-09-26,Apex Circuit,Racing,PlayStation,59.99,UK,FALSE,FALSE
TX-200169,2024-10-16,Highland Velocity,Racing,PC,59.99,BR,FALSE,FALSE
TX-200170,2024-08-07,Streetline Skate,Skateboarding,PC,39.99,JP,FALSE,FALSE
TX-200171,2025-06-19,Apex Circuit,Racing,Xbox,59.99,UK,FALSE,FALSE
TX-200172,2025-07-10,Streetline Skate,Skateboarding,PlayStation,39.99,DE,FALSE,FALSE
TX-200173,2025-03-25,Apex Circuit,Racing,Xbox,59.99,DE,FALSE,FALSE
TX-200174,2024-12-04,Streetline Skate,Skateboarding,PC,39.99,FR,FALSE,FALSE
TX-200175,2024-11-13,Streetline Skate,Skateboarding,Xbox,39.99,DE,FALSE,FALSE
TX-200176,2025-10-07,Streetline Skate,Skateboarding,PlayStation,39.99,AU,FALSE,FALSE
TX-200177,2025-07-11,Highland Velocity,Racing,PC,59.99,DE,FALSE,FALSE
TX-200178,2025-02-28,Highland Velocity,Racing,PC,59.99,CA,FALSE,FALSE
TX-200179,2024-12-06,Highland Velocity,Racing,PC,59.99,JP,FALSE,FALSE
TX-200180,2026-03-13,Apex Circuit,Racing,PlayStation,59.99,CA,FALSE,FALSE
TX-200181,2024-06-26,LifeSpace,Life Simulation,PC,49.99,BR,TRUE,TRUE
TX-200182,2026-01-12,Apex Circuit,Racing,Xbox,59.99,FR,FALSE,FALSE
TX-200183,2024-08-03,Streetline Skate,Skateboarding,PC,39.99,US,FALSE,FALSE
TX-200184,2025-01-09,Apex Circuit,Racing,Xbox,59.99,BR,FALSE,FALSE
TX-200185,2025-10-21,Apex Circuit,Racing,PC,59.99,JP,FALSE,TRUE
TX-200186,2026-02-19,Highland Velocity,Racing,Xbox,59.99,BR,FALSE,TRUE
TX-200187,2025-05-07,Apex Circuit,Racing,PC,59.99,FR,FALSE,FALSE
TX-200188,2025-10-16,Highland Velocity,Racing,PlayStation,59.99,FR,FALSE,FALSE
TX-200189,2025-12-04,LifeSpace,Life Simulation,PC,49.99,CA,FALSE,FALSE
TX-200190,2024-09-13,Apex Circuit,Racing,PlayStation,59.99,FR,FALSE,FALSE
TX-200191,2025-08-09,Highland Velocity,Racing,Xbox,59.99,US,FALSE,FALSE
TX-200192,2026-04-26,LifeSpace,Life Simulation,PC,49.99,FR,TRUE,FALSE
TX-200193,2026-02-27,Apex Circuit,Racing,Xbox,59.99,DE,FALSE,FALSE
TX-200194,2026-04-27,Apex Circuit,Racing,Xbox,59.99,AU,FALSE,FALSE
TX-200195,2025-10-13,Streetline Skate,Skateboarding,PlayStation,39.99,US,FALSE,FALSE
TX-200196,2025-06-10,Highland Velocity,Racing,Xbox,59.99,UK,FALSE,FALSE
TX-200197,2024-12-27,Highland Velocity,Racing,Xbox,59.99,BR,FALSE,FALSE
TX-200198,2025-08-18,LifeSpace,Life Simulation,PlayStation,49.99,AU,FALSE,FALSE
TX-200199,2024-10-28,Apex Circuit,Racing,PC,59.99,AU,FALSE,FALSE
TX-200200,2026-01-26,Highland Velocity,Racing,Xbox,59.99,UK,FALSE,FALSE
TX-200201,2024-12-21,Streetline Skate,Skateboarding,PC,39.99,UK,FALSE,FALSE
TX-200202,2025-04-24,LifeSpace,Life Simulation,PC,49.99,BR,FALSE,FALSE
TX-200203,2025-04-15,Highland Velocity,Racing,PlayStation,59.99,BR,FALSE,FALSE
TX-200204,2024-06-15,Streetline Skate,Skateboarding,Xbox,39.99,DE,FALSE,FALSE
TX-200205,2025-12-03,Highland Velocity,Racing,PlayStation,59.99,AU,FALSE,FALSE
TX-200206,2026-05-24,Streetline Skate,Skateboarding,PlayStation,39.99,FR,FALSE,FALSE
TX-200207,2025-01-30,Highland Velocity,Racing,PlayStation,59.99,JP,FALSE,FALSE
TX-200208,2026-05-03,Apex Circuit,Racing,PC,59.99,US,FALSE,FALSE
TX-200209,2025-04-26,Apex Circuit,Racing,PlayStation,59.99,BR,FALSE,FALSE
TX-200210,2025-11-17,Streetline Skate,Skateboarding,PC,39.99,JP,FALSE,FALSE
TX-200211,2026-04-09,Streetline Skate,Skateboarding,PlayStation,39.99,UK,FALSE,FALSE
TX-200212,2025-01-06,Highland Velocity,Racing,PC,59.99,JP,FALSE,FALSE
TX-200213,2025-11-29,Streetline Skate,Skateboarding,PC,39.99,JP,FALSE,FALSE
TX-200214,2024-12-23,Highland Velocity,Racing,Xbox,59.99,DE,FALSE,FALSE
TX-200215,2026-02-12,Apex Circuit,Racing,Switch,59.99,FR,FALSE,FALSE
TX-200216,2024-07-05,Apex Circuit,Racing,Xbox,59.99,AU,FALSE,FALSE
TX-200217,2025-08-13,Highland Velocity,Racing,PlayStation,59.99,UK,FALSE,FALSE
TX-200218,2024-10-07,Streetline Skate,Skateboarding,PC,39.99,DE,FALSE,FALSE
TX-200219,2024-09-09,Apex Circuit,Racing,PC,59.99,UK,FALSE,FALSE
TX-200220,2026-05-04,LifeSpace,Life Simulation,PC,49.99,US,FALSE,TRUE
TX-200221,2025-02-03,Streetline Skate,Skateboarding,Xbox,39.99,FR,FALSE,TRUE
TX-200222,2024-09-04,Streetline Skate,Skateboarding,Xbox,39.99,JP,FALSE,FALSE
TX-200223,2025-07-06,Highland Velocity,Racing,PC,59.99,FR,FALSE,FALSE
TX-200224,2026-05-17,Apex Circuit,Racing,PC,59.99,US,FALSE,TRUE
TX-200225,2026-05-13,Highland Velocity,Racing,Switch,59.99,BR,FALSE,FALSE
TX-200226,2026-03-07,Apex Circuit,Racing,Switch,59.99,CA,FALSE,FALSE
TX-200227,2026-02-24,Streetline Skate,Skateboarding,PC,39.99,CA,FALSE,FALSE
TX-200228,2025-04-23,Streetline Skate,Skateboarding,PlayStation,39.99,CA,FALSE,FALSE
TX-200229,2025-12-10,Highland Velocity,Racing,PC,59.99,BR,FALSE,FALSE
TX-200230,2024-12-31,Highland Velocity,Racing,PC,59.99,CA,FALSE,FALSE
TX-200231,2024-07-13,Apex Circuit,Racing,PlayStation,59.99,FR,FALSE,TRUE
TX-200232,2024-12-05,Apex Circuit,Racing,Xbox,59.99,BR,FALSE,FALSE
TX-200233,2025-11-24,Apex Circuit,Racing,PC,59.99,UK,FALSE,FALSE
TX-200234,2025-06-03,Streetline Skate,Skateboarding,Xbox,39.99,BR,FALSE,TRUE
TX-200235,2025-04-10,Highland Velocity,Racing,Switch,59.99,DE,FALSE,FALSE
TX-200236,2024-06-17,Highland Velocity,Racing,PlayStation,59.99,FR,FALSE,FALSE
TX-200237,2024-11-07,Apex Circuit,Racing,PlayStation,59.99,FR,FALSE,FALSE
TX-200238,2025-08-15,Apex Circuit,Racing,PlayStation,59.99,AU,FALSE,FALSE
TX-200239,2025-04-03,LifeSpace,Life Simulation,PC,49.99,BR,FALSE,FALSE
TX-200240,2025-09-03,Streetline Skate,Skateboarding,Xbox,39.99,JP,FALSE,TRUE
TX-200241,2024-08-20,Apex Circuit,Racing,Xbox,59.99,JP,FALSE,FALSE
TX-200242,2025-07-01,LifeSpace,Life Simulation,PC,49.99,AU,FALSE,FALSE
TX-200243,2026-03-01,Apex Circuit,Racing,PC,59.99,AU,FALSE,FALSE
TX-200244,2025-08-18,Highland Velocity,Racing,PC,59.99,BR,TRUE,FALSE
TX-200245,2025-01-31,Streetline Skate,Skateboarding,PlayStation,39.99,US,FALSE,FALSE
TX-200246,2024-10-30,LifeSpace,Life Simulation,PC,49.99,FR,TRUE,FALSE
TX-200247,2025-07-10,LifeSpace,Life Simulation,PC,49.99,BR,FALSE,FALSE
TX-200248,2025-04-26,Apex Circuit,Racing,Xbox,59.99,US,FALSE,FALSE
TX-200249,2024-08-21,LifeSpace,Life Simulation,PC,49.99,BR,TRUE,FALSE
TX-200250,2025-01-25,Streetline Skate,Skateboarding,PC,39.99,US,FALSE,FALSE
TX-200251,2024-10-18,LifeSpace,Life Simulation,PC,49.99,UK,FALSE,TRUE
TX-200252,2025-09-10,LifeSpace,Life Simulation,PC,49.99,CA,FALSE,FALSE
TX-200253,2025-07-23,Apex Circuit,Racing,Xbox,59.99,AU,FALSE,FALSE
TX-200254,2024-10-17,Highland Velocity,Racing,Switch,59.99,CA,FALSE,FALSE
TX-200255,2026-04-20,Highland Velocity,Racing,PlayStation,59.99,UK,FALSE,FALSE
TX-200256,2026-02-02,Highland Velocity,Racing,PlayStation,59.99,AU,FALSE,FALSE
TX-200257,2026-05-24,Highland Velocity,Racing,PlayStation,59.99,AU,FALSE,FALSE
TX-200258,2025-08-05,LifeSpace,Life Simulation,PC,49.99,JP,FALSE,TRUE
TX-200259,2026-02-09,Apex Circuit,Racing,PlayStation,59.99,JP,FALSE,FALSE
TX-200260,2025-05-28,Streetline Skate,Skateboarding,PlayStation,39.99,FR,FALSE,FALSE
TX-200261,2024-10-19,Highland Velocity,Racing,PC,59.99,UK,FALSE,FALSE
TX-200262,2025-04-08,LifeSpace,Life Simulation,PC,49.99,CA,FALSE,TRUE
TX-200263,2025-10-21,Apex Circuit,Racing,Switch,59.99,DE,FALSE,FALSE
TX-200264,2025-05-13,LifeSpace,Life Simulation,PC,49.99,BR,FALSE,TRUE
TX-200265,2025-03-30,Highland Velocity,Racing,PlayStation,59.99,FR,FALSE,FALSE
TX-200266,2025-11-29,Apex Circuit,Racing,PlayStation,59.99,DE,FALSE,FALSE
TX-200267,2026-05-16,Apex Circuit,Racing,Xbox,59.99,CA,FALSE,FALSE
TX-200268,2025-06-13,Highland Velocity,Racing,Xbox,59.99,CA,FALSE,TRUE
TX-200269,2026-01-25,LifeSpace,Life Simulation,PC,49.99,BR,TRUE,TRUE
TX-200270,2024-11-18,Streetline Skate,Skateboarding,PlayStation,39.99,UK,FALSE,FALSE
TX-200271,2025-11-27,LifeSpace,Life Simulation,PC,49.99,CA,TRUE,TRUE
TX-200272,2026-02-03,Streetline Skate,Skateboarding,PC,39.99,AU,FALSE,FALSE
TX-200273,2024-08-18,Highland Velocity,Racing,PC,59.99,BR,FALSE,FALSE
TX-200274,2024-12-05,Streetline Skate,Skateboarding,PlayStation,39.99,JP,FALSE,FALSE
TX-200275,2025-01-09,Highland Velocity,Racing,Xbox,59.99,FR,FALSE,FALSE
TX-200276,2025-09-05,LifeSpace,Life Simulation,PC,49.99,BR,FALSE,TRUE
TX-200277,2026-01-18,Apex Circuit,Racing,PC,59.99,AU,FALSE,FALSE
TX-200278,2026-02-20,Streetline Skate,Skateboarding,PlayStation,39.99,FR,FALSE,FALSE
TX-200279,2026-03-24,Streetline Skate,Skateboarding,PC,39.99,JP,FALSE,FALSE
TX-200280,2025-04-06,Highland Velocity,Racing,Xbox,59.99,FR,FALSE,FALSE
TX-200281,2025-04-13,Highland Velocity,Racing,PlayStation,59.99,UK,FALSE,FALSE
TX-200282,2025-11-06,Apex Circuit,Racing,PlayStation,59.99,BR,FALSE,FALSE
TX-200283,2026-03-25,Apex Circuit,Racing,PC,59.99,AU,FALSE,FALSE
TX-200284,2025-09-08,Streetline Skate,Skateboarding,PlayStation,39.99,AU,FALSE,FALSE
TX-200285,2024-06-21,LifeSpace,Life Simulation,PC,49.99,US,FALSE,FALSE
TX-200286,2025-10-16,Apex Circuit,Racing,Xbox,59.99,DE,FALSE,FALSE
TX-200287,2025-09-05,LifeSpace,Life Simulation,PC,49.99,US,FALSE,FALSE
TX-200288,2024-11-27,Apex Circuit,Racing,Xbox,59.99,DE,FALSE,FALSE
TX-200289,2025-07-21,Apex Circuit,Racing,PC,59.99,JP,FALSE,FALSE
TX-200290,2024-07-07,LifeSpace,Life Simulation,PC,49.99,BR,FALSE,FALSE
TX-200291,2026-03-01,Apex Circuit,Racing,PlayStation,59.99,AU,FALSE,FALSE
TX-200292,2024-10-27,LifeSpace,Life Simulation,PC,49.99,AU,FALSE,FALSE
TX-200293,2026-05-08,LifeSpace,Life Simulation,PC,49.99,UK,FALSE,FALSE
TX-200294,2026-01-22,Highland Velocity,Racing,PC,59.99,JP,FALSE,FALSE
TX-200295,2024-08-21,Highland Velocity,Racing,Xbox,59.99,US,FALSE,FALSE
TX-200296,2026-04-27,LifeSpace,Life Simulation,PC,49.99,FR,FALSE,FALSE
TX-200297,2024-10-21,Apex Circuit,Racing,PC,59.99,FR,FALSE,FALSE
TX-200298,2025-10-29,Apex Circuit,Racing,Xbox,59.99,DE,FALSE,FALSE
TX-200299,2025-12-10,LifeSpace,Life Simulation,PC,49.99,US,FALSE,FALSE
TX-200300,2025-11-08,LifeSpace,Life Simulation,PC,49.99,AU,FALSE,FALSE
TX-200301,2025-11-21,Highland Velocity,Racing,PC,59.99,JP,FALSE,TRUE
TX-200302,2025-09-10,Streetline Skate,Skateboarding,PlayStation,39.99,JP,FALSE,FALSE
TX-200303,2025-10-25,Apex Circuit,Racing,PlayStation,59.99,FR,FALSE,FALSE
TX-200304,2024-10-13,Highland Velocity,Racing,PC,59.99,CA,FALSE,FALSE
TX-200305,2026-01-16,Streetline Skate,Skateboarding,PlayStation,39.99,DE,FALSE,FALSE
TX-200306,2024-06-27,Highland Velocity,Racing,PC,59.99,CA,FALSE,FALSE
TX-200307,2025-10-31,Streetline Skate,Skateboarding,PC,39.99,US,FALSE,FALSE
TX-200308,2024-10-30,LifeSpace,Life Simulation,PC,49.99,JP,FALSE,FALSE
TX-200309,2025-03-25,Apex Circuit,Racing,Xbox,59.99,UK,FALSE,FALSE
TX-200310,2025-09-04,Streetline Skate,Skateboarding,PlayStation,39.99,CA,FALSE,TRUE
TX-200311,2025-07-24,LifeSpace,Life Simulation,PlayStation,49.99,UK,FALSE,FALSE
TX-200312,2026-04-07,Highland Velocity,Racing,Xbox,59.99,CA,FALSE,FALSE
TX-200313,2024-08-17,LifeSpace,Life Simulation,PC,49.99,JP,FALSE,FALSE
TX-200314,2026-04-30,Highland Velocity,Racing,Switch,59.99,DE,FALSE,FALSE
TX-200315,2025-04-24,Streetline Skate,Skateboarding,PlayStation,39.99,UK,FALSE,FALSE
TX-200316,2025-04-11,Apex Circuit,Racing,PlayStation,59.99,BR,FALSE,FALSE
TX-200317,2024-09-16,Apex Circuit,Racing,PlayStation,59.99,CA,FALSE,FALSE
TX-200318,2024-09-18,Streetline Skate,Skateboarding,PC,39.99,JP,FALSE,FALSE
TX-200319,2024-07-10,Apex Circuit,Racing,PlayStation,59.99,AU,FALSE,FALSE
TX-200320,2025-07-13,Streetline Skate,Skateboarding,PC,39.99,AU,FALSE,FALSE
TX-200321,2024-06-16,Streetline Skate,Skateboarding,PC,39.99,UK,FALSE,FALSE
TX-200322,2025-04-13,Streetline Skate,Skateboarding,PlayStation,39.99,US,TRUE,FALSE
TX-200323,2025-02-15,Highland Velocity,Racing,Xbox,59.99,FR,FALSE,FALSE
TX-200324,2026-03-29,Apex Circuit,Racing,Xbox,59.99,BR,FALSE,FALSE
TX-200325,2025-08-14,Streetline Skate,Skateboarding,PC,39.99,US,FALSE,FALSE
TX-200326,2024-07-27,Highland Velocity,Racing,Xbox,59.99,US,FALSE,FALSE
TX-200327,2025-02-21,LifeSpace,Life Simulation,PC,49.99,US,FALSE,TRUE
TX-200328,2024-12-18,Highland Velocity,Racing,PC,59.99,US,FALSE,FALSE
TX-200329,2025-07-20,Streetline Skate,Skateboarding,PC,39.99,AU,FALSE,FALSE
TX-200330,2025-01-19,Highland Velocity,Racing,PlayStation,59.99,CA,FALSE,FALSE
TX-200331,2025-05-21,Apex Circuit,Racing,PC,59.99,BR,FALSE,FALSE
TX-200332,2025-08-18,Streetline Skate,Skateboarding,PC,39.99,CA,FALSE,FALSE
TX-200333,2025-10-30,Apex Circuit,Racing,PC,59.99,CA,FALSE,FALSE
TX-200334,2025-02-16,Apex Circuit,Racing,Xbox,59.99,UK,FALSE,FALSE
TX-200335,2026-01-25,Streetline Skate,Skateboarding,PC,39.99,US,FALSE,FALSE
TX-200336,2024-06-02,Apex Circuit,Racing,PC,59.99,BR,FALSE,FALSE
TX-200337,2025-06-01,Apex Circuit,Racing,PlayStation,59.99,JP,FALSE,FALSE
TX-200338,2026-01-10,Apex Circuit,Racing,Xbox,59.99,US,FALSE,FALSE
TX-200339,2025-08-17,LifeSpace,Life Simulation,PC,49.99,JP,FALSE,TRUE
TX-200340,2025-04-23,Apex Circuit,Racing,PC,59.99,US,FALSE,FALSE
TX-200341,2026-04-24,Highland Velocity,Racing,PC,59.99,UK,FALSE,FALSE
TX-200342,2025-02-23,Streetline Skate,Skateboarding,PC,39.99,UK,FALSE,FALSE
TX-200343,2025-12-01,LifeSpace,Life Simulation,PC,49.99,AU,FALSE,FALSE
TX-200344,2025-12-04,Highland Velocity,Racing,PC,59.99,FR,FALSE,FALSE
TX-200345,2024-10-10,Highland Velocity,Racing,PlayStation,59.99,BR,FALSE,FALSE
TX-200346,2025-11-10,Highland Velocity,Racing,PlayStation,59.99,US,FALSE,FALSE
TX-200347,2024-09-10,Highland Velocity,Racing,PC,59.99,DE,FALSE,FALSE
TX-200348,2025-12-17,Streetline Skate,Skateboarding,PlayStation,39.99,UK,FALSE,FALSE
TX-200349,2025-11-04,Apex Circuit,Racing,Xbox,59.99,JP,TRUE,FALSE
TX-200350,2026-05-09,Apex Circuit,Racing,PC,59.99,CA,FALSE,FALSE
TX-200351,2025-02-17,LifeSpace,Life Simulation,PC,49.99,FR,FALSE,FALSE
TX-200352,2025-04-10,Highland Velocity,Racing,PC,59.99,BR,FALSE,FALSE
TX-200353,2026-03-26,LifeSpace,Life Simulation,PC,49.99,JP,FALSE,TRUE
TX-200354,2025-07-25,LifeSpace,Life Simulation,PC,49.99,AU,FALSE,FALSE
TX-200355,2026-05-30,LifeSpace,Life Simulation,PC,49.99,FR,TRUE,FALSE
TX-200356,2025-02-13,LifeSpace,Life Simulation,PC,49.99,CA,FALSE,FALSE
TX-200357,2024-10-22,Apex Circuit,Racing,PlayStation,59.99,UK,FALSE,FALSE
TX-200358,2025-08-02,Streetline Skate,Skateboarding,PlayStation,39.99,DE,FALSE,FALSE
TX-200359,2025-10-12,Apex Circuit,Racing,PlayStation,59.99,AU,FALSE,TRUE
TX-200360,2025-04-20,Highland Velocity,Racing,PC,59.99,US,FALSE,FALSE
TX-200361,2024-10-01,Apex Circuit,Racing,PlayStation,59.99,BR,FALSE,FALSE
TX-200362,2024-11-14,Highland Velocity,Racing,PC,59.99,US,FALSE,FALSE
TX-200363,2024-10-06,LifeSpace,Life Simulation,PC,49.99,FR,FALSE,FALSE
TX-200364,2026-02-12,Streetline Skate,Skateboarding,Xbox,39.99,JP,FALSE,FALSE
TX-200365,2024-10-22,Apex Circuit,Racing,PC,59.99,CA,FALSE,FALSE
TX-200366,2024-10-07,LifeSpace,Life Simulation,PlayStation,49.99,AU,FALSE,TRUE
TX-200367,2024-09-22,Apex Circuit,Racing,Xbox,59.99,JP,FALSE,FALSE
TX-200368,2025-08-02,Apex Circuit,Racing,Xbox,59.99,FR,FALSE,FALSE
TX-200369,2024-07-05,Apex Circuit,Racing,PC,59.99,US,FALSE,FALSE
TX-200370,2026-05-19,Highland Velocity,Racing,Xbox,59.99,DE,FALSE,FALSE
TX-200371,2025-11-13,LifeSpace,Life Simulation,PC,49.99,FR,FALSE,FALSE
TX-200372,2025-11-04,LifeSpace,Life Simulation,PlayStation,49.99,JP,TRUE,TRUE
TX-200373,2025-07-07,LifeSpace,Life Simulation,PC,49.99,US,FALSE,FALSE
TX-200374,2025-02-18,Streetline Skate,Skateboarding,PlayStation,39.99,DE,FALSE,FALSE
TX-200375,2024-12-22,Streetline Skate,Skateboarding,PlayStation,39.99,AU,FALSE,FALSE
TX-200376,2025-10-17,Streetline Skate,Skateboarding,PC,39.99,UK,FALSE,TRUE
TX-200377,2024-12-29,Streetline Skate,Skateboarding,PlayStation,39.99,FR,FALSE,FALSE
TX-200378,2024-06-29,Streetline Skate,Skateboarding,PC,39.99,AU,FALSE,FALSE
TX-200379,2025-07-13,Highland Velocity,Racing,PC,59.99,UK,FALSE,FALSE
TX-200380,2024-07-18,Apex Circuit,Racing,PC,59.99,AU,FALSE,FALSE
TX-200381,2024-10-23,Streetline Skate,Skateboarding,Xbox,39.99,US,FALSE,FALSE
TX-200382,2024-12-11,Streetline Skate,Skateboarding,PC,39.99,JP,FALSE,FALSE
TX-200383,2025-11-15,Apex Circuit,Racing,PC,59.99,US,FALSE,TRUE
TX-200384,2025-10-16,Highland Velocity,Racing,PC,59.99,JP,FALSE,FALSE
TX-200385,2025-04-09,Apex Circuit,Racing,Xbox,59.99,BR,FALSE,FALSE
TX-200386,2026-03-10,Highland Velocity,Racing,PlayStation,59.99,AU,FALSE,FALSE
TX-200387,2025-03-12,Highland Velocity,Racing,Xbox,59.99,FR,FALSE,FALSE
TX-200388,2025-05-06,Highland Velocity,Racing,PlayStation,59.99,CA,FALSE,FALSE
TX-200389,2024-08-26,LifeSpace,Life Simulation,PC,49.99,FR,FALSE,FALSE
TX-200390,2025-10-20,LifeSpace,Life Simulation,PlayStation,49.99,AU,FALSE,FALSE
TX-200391,2026-05-10,LifeSpace,Life Simulation,PlayStation,49.99,UK,FALSE,TRUE
TX-200392,2025-09-04,Apex Circuit,Racing,PC,59.99,CA,FALSE,FALSE
TX-200393,2026-01-03,Apex Circuit,Racing,PC,59.99,AU,FALSE,FALSE
TX-200394,2025-10-06,Streetline Skate,Skateboarding,PlayStation,39.99,JP,FALSE,FALSE
TX-200395,2024-06-05,Highland Velocity,Racing,PC,59.99,BR,FALSE,FALSE
TX-200396,2025-04-07,Streetline Skate,Skateboarding,Xbox,39.99,UK,FALSE,FALSE
TX-200397,2026-05-01,Streetline Skate,Skateboarding,PlayStation,39.99,AU,FALSE,FALSE
TX-200398,2025-02-07,Streetline Skate,Skateboarding,PC,39.99,FR,FALSE,FALSE
TX-200399,2025-07-28,LifeSpace,Life Simulation,PC,49.99,AU,FALSE,FALSE
TX-200400,2024-10-08,Streetline Skate,Skateboarding,PC,39.99,FR,FALSE,FALSE
TX-200401,2025-05-12,Highland Velocity,Racing,PC,59.99,UK,FALSE,FALSE
TX-200402,2024-10-19,Streetline Skate,Skateboarding,Xbox,39.99,JP,FALSE,FALSE
TX-200403,2026-04-25,Highland Velocity,Racing,Xbox,59.99,JP,FALSE,TRUE
TX-200404,2024-08-11,LifeSpace,Life Simulation,PC,49.99,FR,FALSE,TRUE
TX-200405,2025-01-06,Highland Velocity,Racing,Xbox,59.99,CA,FALSE,FALSE
TX-200406,2025-07-31,LifeSpace,Life Simulation,PC,49.99,FR,FALSE,FALSE
TX-200407,2025-06-20,Apex Circuit,Racing,PC,59.99,BR,FALSE,FALSE
TX-200408,2026-04-26,Highland Velocity,Racing,PlayStation,59.99,JP,FALSE,FALSE
TX-200409,2024-08-24,LifeSpace,Life Simulation,PC,49.99,FR,FALSE,TRUE
TX-200410,2025-11-25,Apex Circuit,Racing,PC,59.99,DE,FALSE,TRUE
TX-200411,2024-08-28,Streetline Skate,Skateboarding,PlayStation,39.99,US,FALSE,FALSE
TX-200412,2025-09-25,Apex Circuit,Racing,PlayStation,59.99,CA,FALSE,FALSE
TX-200413,2026-04-16,Highland Velocity,Racing,PlayStation,59.99,US,FALSE,FALSE
TX-200414,2024-06-28,Streetline Skate,Skateboarding,PlayStation,39.99,JP,FALSE,FALSE
TX-200415,2025-07-01,Apex Circuit,Racing,PlayStation,59.99,BR,FALSE,FALSE
TX-200416,2026-03-08,LifeSpace,Life Simulation,PC,49.99,US,TRUE,TRUE
TX-200417,2025-02-10,Streetline Skate,Skateboarding,PC,39.99,US,FALSE,FALSE
TX-200418,2025-10-27,Highland Velocity,Racing,Xbox,59.99,UK,FALSE,FALSE
TX-200419,2026-02-03,Streetline Skate,Skateboarding,PC,39.99,DE,FALSE,FALSE
TX-200420,2026-05-26,Highland Velocity,Racing,Xbox,59.99,FR,FALSE,FALSE
TX-200421,2025-05-04,Streetline Skate,Skateboarding,Xbox,39.99,JP,FALSE,FALSE
TX-200422,2025-06-26,Apex Circuit,Racing,Switch,59.99,UK,FALSE,FALSE
TX-200423,2025-10-01,Apex Circuit,Racing,PlayStation,59.99,CA,FALSE,FALSE
TX-200424,2025-10-15,Apex Circuit,Racing,PlayStation,59.99,DE,FALSE,FALSE
TX-200425,2024-11-02,Highland Velocity,Racing,Xbox,59.99,US,FALSE,FALSE
TX-200426,2025-09-06,Apex Circuit,Racing,Xbox,59.99,AU,FALSE,FALSE
TX-200427,2025-05-31,Streetline Skate,Skateboarding,Xbox,39.99,CA,FALSE,FALSE
TX-200428,2026-01-15,Apex Circuit,Racing,PlayStation,59.99,CA,FALSE,FALSE
TX-200429,2024-08-28,Streetline Skate,Skateboarding,Xbox,39.99,FR,FALSE,FALSE
TX-200430,2024-10-06,Highland Velocity,Racing,Xbox,59.99,BR,FALSE,TRUE
TX-200431,2026-04-23,LifeSpace,Life Simulation,PC,49.99,JP,FALSE,FALSE
TX-200432,2024-11-18,Apex Circuit,Racing,PlayStation,59.99,CA,FALSE,FALSE
TX-200433,2024-10-19,Apex Circuit,Racing,PlayStation,59.99,JP,FALSE,FALSE
TX-200434,2026-03-08,LifeSpace,Life Simulation,PC,49.99,JP,FALSE,FALSE
TX-200435,2025-07-30,Apex Circuit,Racing,PC,59.99,CA,FALSE,FALSE
TX-200436,2025-03-29,Apex Circuit,Racing,PC,59.99,FR,FALSE,FALSE
TX-200437,2025-07-05,Apex Circuit,Racing,PlayStation,59.99,BR,FALSE,FALSE
TX-200438,2025-12-07,Streetline Skate,Skateboarding,Xbox,39.99,AU,FALSE,FALSE
TX-200439,2025-01-07,Streetline Skate,Skateboarding,Xbox,39.99,AU,FALSE,FALSE
TX-200440,2025-11-26,Highland Velocity,Racing,PlayStation,59.99,JP,FALSE,FALSE
TX-200441,2025-03-30,Streetline Skate,Skateboarding,Xbox,39.99,US,FALSE,FALSE
TX-200442,2024-07-31,Streetline Skate,Skateboarding,Xbox,39.99,CA,FALSE,FALSE
TX-200443,2024-09-27,Streetline Skate,Skateboarding,PC,39.99,BR,FALSE,FALSE
TX-200444,2026-04-19,LifeSpace,Life Simulation,PC,49.99,AU,FALSE,FALSE
TX-200445,2025-08-02,Highland Velocity,Racing,PlayStation,59.99,JP,FALSE,FALSE
TX-200446,2025-06-01,LifeSpace,Life Simulation,PC,49.99,JP,FALSE,FALSE
TX-200447,2025-02-23,Streetline Skate,Skateboarding,Xbox,39.99,CA,FALSE,FALSE
TX-200448,2025-06-24,Highland Velocity,Racing,PlayStation,59.99,UK,FALSE,FALSE
TX-200449,2025-06-03,Highland Velocity,Racing,Switch,59.99,CA,FALSE,FALSE
TX-200450,2025-09-17,Streetline Skate,Skateboarding,PC,39.99,FR,TRUE,FALSE
TX-200451,2025-02-27,LifeSpace,Life Simulation,PC,49.99,BR,FALSE,FALSE
TX-200452,2025-01-14,Streetline Skate,Skateboarding,Xbox,39.99,BR,FALSE,FALSE
TX-200453,2025-12-10,Highland Velocity,Racing,PlayStation,59.99,DE,FALSE,FALSE
TX-200454,2026-02-22,LifeSpace,Life Simulation,PC,49.99,BR,TRUE,TRUE
TX-200455,2026-05-08,Highland Velocity,Racing,PlayStation,59.99,BR,FALSE,FALSE
TX-200456,2024-06-28,Highland Velocity,Racing,PlayStation,59.99,CA,FALSE,FALSE
TX-200457,2025-06-12,LifeSpace,Life Simulation,PC,49.99,BR,FALSE,FALSE
TX-200458,2026-05-24,Apex Circuit,Racing,Xbox,59.99,US,FALSE,TRUE
TX-200459,2024-08-27,Streetline Skate,Skateboarding,PlayStation,39.99,BR,FALSE,FALSE
TX-200460,2024-08-17,Streetline Skate,Skateboarding,PC,39.99,UK,FALSE,TRUE
TX-200461,2025-10-18,Apex Circuit,Racing,PlayStation,59.99,JP,FALSE,FALSE
TX-200462,2024-06-12,Streetline Skate,Skateboarding,Xbox,39.99,CA,FALSE,FALSE
TX-200463,2024-12-29,Streetline Skate,Skateboarding,PC,39.99,US,FALSE,FALSE
TX-200464,2025-11-29,Apex Circuit,Racing,Switch,59.99,US,FALSE,FALSE
TX-200465,2025-01-10,Apex Circuit,Racing,Xbox,59.99,JP,FALSE,FALSE
TX-200466,2025-12-08,LifeSpace,Life Simulation,PC,49.99,JP,FALSE,FALSE
TX-200467,2025-10-02,Highland Velocity,Racing,PlayStation,59.99,US,FALSE,FALSE
TX-200468,2025-03-20,LifeSpace,Life Simulation,PC,49.99,AU,TRUE,FALSE
TX-200469,2025-12-21,Apex Circuit,Racing,PlayStation,59.99,UK,FALSE,FALSE
TX-200470,2025-01-29,LifeSpace,Life Simulation,PC,49.99,JP,FALSE,FALSE
TX-200471,2024-12-11,LifeSpace,Life Simulation,PlayStation,49.99,AU,FALSE,FALSE
TX-200472,2024-10-24,LifeSpace,Life Simulation,PC,49.99,UK,FALSE,FALSE
TX-200473,2025-11-29,LifeSpace,Life Simulation,PC,49.99,BR,FALSE,TRUE
TX-200474,2025-11-01,Streetline Skate,Skateboarding,PC,39.99,DE,FALSE,FALSE
TX-200475,2024-07-11,Apex Circuit,Racing,Switch,59.99,CA,FALSE,TRUE
TX-200476,2024-07-22,Highland Velocity,Racing,Xbox,59.99,DE,FALSE,FALSE
TX-200477,2024-10-25,LifeSpace,Life Simulation,PlayStation,49.99,FR,FALSE,TRUE
TX-200478,2024-12-07,Streetline Skate,Skateboarding,Xbox,39.99,UK,FALSE,FALSE
TX-200479,2025-12-08,Apex Circuit,Racing,PlayStation,59.99,BR,FALSE,FALSE
TX-200480,2026-02-02,Streetline Skate,Skateboarding,PlayStation,39.99,BR,FALSE,FALSE
TX-200481,2025-07-17,Apex Circuit,Racing,Xbox,59.99,CA,FALSE,FALSE
TX-200482,2024-10-10,LifeSpace,Life Simulation,PC,49.99,FR,FALSE,FALSE
TX-200483,2025-07-23,Apex Circuit,Racing,PC,59.99,UK,FALSE,FALSE
TX-200484,2026-03-02,Highland Velocity,Racing,PlayStation,59.99,DE,FALSE,FALSE
TX-200485,2026-03-25,Apex Circuit,Racing,Xbox,59.99,CA,FALSE,FALSE
TX-200486,2024-08-11,Streetline Skate,Skateboarding,PlayStation,39.99,BR,FALSE,FALSE
TX-200487,2026-01-23,Highland Velocity,Racing,PC,59.99,UK,FALSE,FALSE
TX-200488,2025-01-23,Apex Circuit,Racing,Xbox,59.99,FR,FALSE,FALSE
TX-200489,2025-07-30,Highland Velocity,Racing,PC,59.99,BR,FALSE,FALSE
TX-200490,2025-03-27,Streetline Skate,Skateboarding,PlayStation,39.99,CA,FALSE,FALSE
TX-200491,2025-06-21,Highland Velocity,Racing,PlayStation,59.99,JP,FALSE,FALSE
TX-200492,2025-12-06,Highland Velocity,Racing,PlayStation,59.99,CA,FALSE,TRUE
TX-200493,2025-04-09,Apex Circuit,Racing,PlayStation,59.99,FR,FALSE,FALSE
TX-200494,2025-11-18,Highland Velocity,Racing,PlayStation,59.99,AU,FALSE,FALSE
TX-200495,2025-12-22,Streetline Skate,Skateboarding,Xbox,39.99,DE,FALSE,FALSE
TX-200496,2025-10-19,Streetline Skate,Skateboarding,PlayStation,39.99,JP,FALSE,FALSE
TX-200497,2024-10-19,LifeSpace,Life Simulation,PC,49.99,AU,FALSE,FALSE
TX-200498,2025-01-04,Streetline Skate,Skateboarding,PlayStation,39.99,FR,FALSE,FALSE
TX-200499,2024-11-16,Apex Circuit,Racing,PlayStation,59.99,FR,FALSE,FALSE
TX-200500,2024-09-25,Streetline Skate,Skateboarding,PC,39.99,DE,FALSE,FALSE
TX-200501,2024-11-30,LifeSpace,Life Simulation,PC,49.99,UK,FALSE,FALSE
TX-200502,2024-06-14,LifeSpace,Life Simulation,PC,49.99,CA,FALSE,FALSE
TX-200503,2026-05-09,Apex Circuit,Racing,PC,59.99,UK,FALSE,FALSE
TX-200504,2026-05-19,Streetline Skate,Skateboarding,Xbox,39.99,CA,FALSE,FALSE
TX-200505,2025-12-23,Streetline Skate,Skateboarding,PlayStation,39.99,AU,FALSE,FALSE
TX-200506,2026-05-28,Apex Circuit,Racing,Xbox,59.99,US,FALSE,FALSE
TX-200507,2025-06-24,Apex Circuit,Racing,PlayStation,59.99,US,FALSE,FALSE
TX-200508,2025-07-06,LifeSpace,Life Simulation,PC,49.99,CA,FALSE,TRUE
TX-200509,2025-06-27,Highland Velocity,Racing,PC,59.99,AU,FALSE,FALSE
TX-200510,2025-05-23,Streetline Skate,Skateboarding,PC,39.99,CA,FALSE,FALSE
TX-200511,2025-05-22,Highland Velocity,Racing,PlayStation,59.99,US,FALSE,FALSE
TX-200512,2025-10-17,Highland Velocity,Racing,PlayStation,59.99,FR,FALSE,FALSE
TX-200513,2024-11-24,Apex Circuit,Racing,Switch,59.99,FR,FALSE,FALSE
TX-200514,2025-07-10,Streetline Skate,Skateboarding,PC,39.99,FR,FALSE,FALSE
TX-200515,2025-11-23,LifeSpace,Life Simulation,PC,49.99,UK,TRUE,FALSE
TX-200516,2025-10-03,Streetline Skate,Skateboarding,PC,39.99,US,FALSE,FALSE
TX-200517,2026-02-20,Highland Velocity,Racing,PC,59.99,CA,FALSE,FALSE
TX-200518,2025-08-22,Streetline Skate,Skateboarding,PlayStation,39.99,JP,FALSE,FALSE
TX-200519,2025-03-03,Highland Velocity,Racing,PC,59.99,FR,FALSE,FALSE
TX-200520,2026-04-20,Streetline Skate,Skateboarding,Xbox,39.99,CA,FALSE,FALSE
TX-200521,2025-05-19,Highland Velocity,Racing,PlayStation,59.99,JP,FALSE,FALSE
TX-200522,2025-08-17,Apex Circuit,Racing,Xbox,59.99,BR,FALSE,FALSE
TX-200523,2025-11-14,Highland Velocity,Racing,PlayStation,59.99,DE,FALSE,FALSE
TX-200524,2025-10-05,Streetline Skate,Skateboarding,PlayStation,39.99,AU,FALSE,FALSE
TX-200525,2024-08-10,Apex Circuit,Racing,Xbox,59.99,UK,FALSE,FALSE
TX-200526,2025-10-24,Apex Circuit,Racing,PlayStation,59.99,UK,FALSE,FALSE
TX-200527,2025-02-01,Highland Velocity,Racing,Xbox,59.99,FR,FALSE,FALSE
TX-200528,2025-01-16,Apex Circuit,Racing,PC,59.99,BR,FALSE,FALSE
TX-200529,2024-06-19,LifeSpace,Life Simulation,PC,49.99,JP,FALSE,TRUE
TX-200530,2025-10-12,Apex Circuit,Racing,PlayStation,59.99,FR,FALSE,FALSE
TX-200531,2025-12-13,LifeSpace,Life Simulation,PC,49.99,AU,FALSE,TRUE
TX-200532,2024-12-26,Highland Velocity,Racing,Xbox,59.99,JP,TRUE,FALSE
TX-200533,2024-09-24,Highland Velocity,Racing,Switch,59.99,US,FALSE,FALSE
TX-200534,2026-05-21,LifeSpace,Life Simulation,PC,49.99,JP,FALSE,TRUE
TX-200535,2025-01-28,Highland Velocity,Racing,Xbox,59.99,CA,FALSE,FALSE
TX-200536,2025-07-09,Highland Velocity,Racing,PC,59.99,BR,TRUE,FALSE
TX-200537,2024-09-17,Apex Circuit,Racing,PC,59.99,JP,FALSE,FALSE
TX-200538,2024-06-22,LifeSpace,Life Simulation,PC,49.99,AU,FALSE,FALSE
TX-200539,2024-08-18,Apex Circuit,Racing,Xbox,59.99,CA,FALSE,FALSE
TX-200540,2024-08-03,Streetline Skate,Skateboarding,PlayStation,39.99,JP,FALSE,FALSE
TX-200541,2024-12-03,Apex Circuit,Racing,PlayStation,59.99,DE,FALSE,FALSE
TX-200542,2025-06-29,Streetline Skate,Skateboarding,PlayStation,39.99,JP,FALSE,FALSE
TX-200543,2024-06-25,Highland Velocity,Racing,PC,59.99,US,FALSE,FALSE
TX-200544,2025-09-07,Streetline Skate,Skateboarding,PC,39.99,FR,FALSE,FALSE
TX-200545,2025-11-10,Highland Velocity,Racing,PC,59.99,UK,FALSE,FALSE
TX-200546,2024-11-29,LifeSpace,Life Simulation,PC,49.99,FR,FALSE,FALSE
TX-200547,2025-02-05,Streetline Skate,Skateboarding,PlayStation,39.99,JP,FALSE,FALSE
TX-200548,2025-01-14,LifeSpace,Life Simulation,PC,49.99,JP,FALSE,FALSE
TX-200549,2025-11-12,LifeSpace,Life Simulation,PlayStation,49.99,JP,FALSE,FALSE
TX-200550,2024-07-22,Streetline Skate,Skateboarding,PlayStation,39.99,FR,FALSE,FALSE
TX-200551,2026-02-14,Streetline Skate,Skateboarding,Xbox,39.99,JP,FALSE,FALSE
TX-200552,2026-03-07,Highland Velocity,Racing,Xbox,59.99,JP,FALSE,FALSE
TX-200553,2025-08-15,Streetline Skate,Skateboarding,PC,39.99,UK,FALSE,FALSE
TX-200554,2025-11-08,Highland Velocity,Racing,PC,59.99,FR,FALSE,FALSE
TX-200555,2025-02-12,Streetline Skate,Skateboarding,Xbox,39.99,AU,FALSE,FALSE
TX-200556,2025-03-24,Streetline Skate,Skateboarding,PC,39.99,US,FALSE,FALSE
TX-200557,2024-11-20,Apex Circuit,Racing,PC,59.99,UK,FALSE,TRUE
TX-200558,2025-12-08,Highland Velocity,Racing,PC,59.99,FR,FALSE,FALSE
TX-200559,2026-04-07,Apex Circuit,Racing,PC,59.99,FR,FALSE,FALSE
TX-200560,2024-08-10,Streetline Skate,Skateboarding,PlayStation,39.99,BR,FALSE,FALSE
TX-200561,2026-03-09,Streetline Skate,Skateboarding,PC,39.99,FR,FALSE,FALSE
TX-200562,2025-02-24,Streetline Skate,Skateboarding,PC,39.99,BR,FALSE,FALSE
TX-200563,2024-09-21,Streetline Skate,Skateboarding,PC,39.99,FR,FALSE,FALSE
TX-200564,2025-12-11,Highland Velocity,Racing,PlayStation,59.99,US,FALSE,FALSE
TX-200565,2026-04-17,LifeSpace,Life Simulation,PC,49.99,DE,FALSE,FALSE
TX-200566,2024-07-07,Streetline Skate,Skateboarding,PlayStation,39.99,DE,FALSE,FALSE
TX-200567,2025-10-31,Highland Velocity,Racing,PlayStation,59.99,BR,FALSE,FALSE
TX-200568,2025-05-13,Apex Circuit,Racing,PC,59.99,FR,FALSE,FALSE
TX-200569,2025-06-07,Highland Velocity,Racing,PC,59.99,BR,FALSE,FALSE
TX-200570,2025-07-20,LifeSpace,Life Simulation,PC,49.99,FR,FALSE,FALSE
TX-200571,2025-11-27,Apex Circuit,Racing,Xbox,59.99,UK,FALSE,FALSE
TX-200572,2025-12-14,Streetline Skate,Skateboarding,PC,39.99,AU,FALSE,FALSE
TX-200573,2026-04-24,LifeSpace,Life Simulation,PC,49.99,BR,FALSE,TRUE
TX-200574,2024-12-29,LifeSpace,Life Simulation,PC,49.99,DE,FALSE,FALSE
TX-200575,2025-02-12,Streetline Skate,Skateboarding,Xbox,39.99,JP,FALSE,FALSE
TX-200576,2025-10-13,Streetline Skate,Skateboarding,PlayStation,39.99,US,FALSE,FALSE
TX-200577,2024-06-26,Streetline Skate,Skateboarding,PC,39.99,AU,FALSE,FALSE
TX-200578,2026-03-04,LifeSpace,Life Simulation,PC,49.99,US,FALSE,FALSE
TX-200579,2024-06-06,LifeSpace,Life Simulation,PC,49.99,DE,TRUE,TRUE
TX-200580,2026-01-05,Highland Velocity,Racing,PC,59.99,BR,FALSE,FALSE
TX-200581,2025-10-09,Highland Velocity,Racing,PC,59.99,FR,FALSE,TRUE
TX-200582,2025-04-14,LifeSpace,Life Simulation,PC,49.99,UK,FALSE,TRUE
TX-200583,2025-01-04,Apex Circuit,Racing,PC,59.99,AU,FALSE,FALSE
TX-200584,2024-12-12,Highland Velocity,Racing,PC,59.99,JP,FALSE,FALSE
TX-200585,2025-07-12,LifeSpace,Life Simulation,PlayStation,49.99,AU,FALSE,FALSE
TX-200586,2025-09-02,Streetline Skate,Skateboarding,Xbox,39.99,JP,FALSE,FALSE
TX-200587,2024-08-22,Streetline Skate,Skateboarding,PlayStation,39.99,UK,FALSE,FALSE
TX-200588,2025-09-05,Apex Circuit,Racing,PlayStation,59.99,AU,FALSE,FALSE
TX-200589,2025-02-09,Apex Circuit,Racing,PlayStation,59.99,JP,FALSE,FALSE
TX-200590,2026-05-24,Apex Circuit,Racing,Xbox,59.99,UK,FALSE,FALSE
TX-200591,2025-05-20,Highland Velocity,Racing,PC,59.99,DE,FALSE,FALSE
TX-200592,2026-04-08,Highland Velocity,Racing,PlayStation,59.99,CA,FALSE,FALSE
TX-200593,2025-02-07,Highland Velocity,Racing,Xbox,59.99,US,FALSE,FALSE
TX-200594,2024-12-25,Streetline Skate,Skateboarding,PC,39.99,US,FALSE,FALSE
TX-200595,2025-03-07,Streetline Skate,Skateboarding,PlayStation,39.99,UK,FALSE,FALSE
TX-200596,2026-05-26,Streetline Skate,Skateboarding,PC,39.99,JP,FALSE,FALSE
TX-200597,2024-08-19,Highland Velocity,Racing,PC,59.99,UK,FALSE,FALSE
TX-200598,2025-08-25,Streetline Skate,Skateboarding,PlayStation,39.99,UK,FALSE,FALSE
TX-200599,2024-07-09,Highland Velocity,Racing,Xbox,59.99,AU,FALSE,FALSE
TX-200600,2025-03-25,Streetline Skate,Skateboarding,Xbox,39.99,JP,FALSE,FALSE
TX-200601,2024-09-11,Streetline Skate,Skateboarding,PC,39.99,AU,FALSE,FALSE
TX-200602,2026-04-21,Apex Circuit,Racing,PC,59.99,FR,FALSE,FALSE
TX-200603,2025-01-08,Apex Circuit,Racing,Xbox,59.99,UK,FALSE,FALSE
TX-200604,2026-05-10,LifeSpace,Life Simulation,PC,49.99,UK,FALSE,FALSE
TX-200605,2026-05-06,LifeSpace,Life Simulation,PC,49.99,FR,FALSE,FALSE
TX-200606,2026-01-24,Apex Circuit,Racing,Xbox,59.99,AU,FALSE,FALSE
TX-200607,2025-12-11,Highland Velocity,Racing,Xbox,59.99,BR,FALSE,FALSE
TX-200608,2025-05-16,LifeSpace,Life Simulation,PC,49.99,BR,FALSE,FALSE
TX-200609,2025-06-17,Streetline Skate,Skateboarding,PC,39.99,JP,FALSE,FALSE
TX-200610,2024-07-21,Streetline Skate,Skateboarding,PC,39.99,AU,FALSE,FALSE
TX-200611,2026-03-22,LifeSpace,Life Simulation,PC,49.99,US,FALSE,TRUE
TX-200612,2024-10-18,Highland Velocity,Racing,PlayStation,59.99,US,FALSE,TRUE
TX-200613,2026-03-20,Highland Velocity,Racing,Xbox,59.99,JP,FALSE,TRUE
TX-200614,2025-09-17,Highland Velocity,Racing,PC,59.99,US,FALSE,FALSE
TX-200615,2025-10-18,Highland Velocity,Racing,PlayStation,59.99,FR,FALSE,FALSE
TX-200616,2024-09-22,Highland Velocity,Racing,PlayStation,59.99,FR,FALSE,FALSE
TX-200617,2025-07-28,Highland Velocity,Racing,PC,59.99,JP,FALSE,FALSE
TX-200618,2026-02-04,Highland Velocity,Racing,PlayStation,59.99,UK,FALSE,FALSE
TX-200619,2025-05-02,Streetline Skate,Skateboarding,PC,39.99,UK,FALSE,FALSE
TX-200620,2025-10-21,Streetline Skate,Skateboarding,PC,39.99,CA,FALSE,FALSE
TX-200621,2025-10-09,Apex Circuit,Racing,Xbox,59.99,DE,FALSE,FALSE
TX-200622,2025-07-27,Apex Circuit,Racing,PlayStation,59.99,UK,FALSE,FALSE
TX-200623,2025-11-29,Streetline Skate,Skateboarding,PC,39.99,JP,FALSE,FALSE
TX-200624,2025-06-30,Highland Velocity,Racing,PlayStation,59.99,DE,FALSE,FALSE
TX-200625,2025-05-11,LifeSpace,Life Simulation,PC,49.99,US,FALSE,FALSE
TX-200626,2025-11-28,Highland Velocity,Racing,PlayStation,59.99,FR,FALSE,FALSE
TX-200627,2024-08-16,Streetline Skate,Skateboarding,Xbox,39.99,JP,FALSE,FALSE
TX-200628,2025-06-12,Streetline Skate,Skateboarding,PlayStation,39.99,US,FALSE,FALSE
TX-200629,2024-09-01,LifeSpace,Life Simulation,PC,49.99,BR,FALSE,FALSE
TX-200630,2026-02-14,Apex Circuit,Racing,PlayStation,59.99,US,FALSE,FALSE
TX-200631,2025-06-19,LifeSpace,Life Simulation,PC,49.99,DE,FALSE,FALSE
TX-200632,2026-01-20,Streetline Skate,Skateboarding,Xbox,39.99,US,FALSE,FALSE
TX-200633,2024-11-11,Streetline Skate,Skateboarding,PlayStation,39.99,CA,FALSE,FALSE
TX-200634,2024-07-19,Highland Velocity,Racing,Xbox,59.99,BR,FALSE,FALSE
TX-200635,2025-08-09,LifeSpace,Life Simulation,PlayStation,49.99,FR,TRUE,TRUE
TX-200636,2026-05-05,Apex Circuit,Racing,PC,59.99,CA,FALSE,FALSE
TX-200637,2024-12-27,LifeSpace,Life Simulation,PC,49.99,FR,FALSE,TRUE
TX-200638,2024-11-09,Streetline Skate,Skateboarding,PlayStation,39.99,UK,FALSE,FALSE
TX-200639,2026-03-16,Streetline Skate,Skateboarding,Xbox,39.99,JP,FALSE,FALSE
TX-200640,2025-11-07,Highland Velocity,Racing,Switch,59.99,BR,FALSE,FALSE
TX-200641,2025-04-06,Apex Circuit,Racing,Xbox,59.99,AU,FALSE,FALSE
TX-200642,2025-11-14,Highland Velocity,Racing,Xbox,59.99,CA,FALSE,FALSE
TX-200643,2026-01-07,Apex Circuit,Racing,PlayStation,59.99,FR,FALSE,FALSE
TX-200644,2024-09-12,Apex Circuit,Racing,PlayStation,59.99,JP,FALSE,FALSE
TX-200645,2025-02-09,Streetline Skate,Skateboarding,PlayStation,39.99,CA,FALSE,FALSE
TX-200646,2024-12-31,Apex Circuit,Racing,PlayStation,59.99,US,FALSE,FALSE
TX-200647,2026-02-01,Apex Circuit,Racing,PlayStation,59.99,DE,FALSE,FALSE
TX-200648,2025-05-23,Streetline Skate,Skateboarding,PC,39.99,AU,FALSE,FALSE
TX-200649,2025-08-21,LifeSpace,Life Simulation,PC,49.99,CA,FALSE,FALSE
TX-200650,2025-08-18,Highland Velocity,Racing,PC,59.99,JP,FALSE,TRUE
TX-200651,2025-10-22,Apex Circuit,Racing,Xbox,59.99,BR,FALSE,FALSE
TX-200652,2024-06-21,LifeSpace,Life Simulation,PC,49.99,CA,FALSE,FALSE
TX-200653,2025-07-18,Apex Circuit,Racing,PlayStation,59.99,DE,FALSE,FALSE
TX-200654,2026-01-13,Apex Circuit,Racing,Switch,59.99,JP,FALSE,FALSE
TX-200655,2026-02-02,Streetline Skate,Skateboarding,PC,39.99,UK,FALSE,FALSE
TX-200656,2025-03-10,LifeSpace,Life Simulation,PC,49.99,AU,FALSE,FALSE
TX-200657,2025-07-13,Apex Circuit,Racing,Switch,59.99,BR,FALSE,FALSE
TX-200658,2025-12-20,LifeSpace,Life Simulation,PC,49.99,AU,FALSE,FALSE
TX-200659,2026-02-18,LifeSpace,Life Simulation,PlayStation,49.99,DE,FALSE,FALSE
TX-200660,2026-01-13,LifeSpace,Life Simulation,PC,49.99,US,FALSE,FALSE
TX-200661,2026-04-29,Apex Circuit,Racing,PlayStation,59.99,US,FALSE,FALSE
TX-200662,2024-11-30,Apex Circuit,Racing,PC,59.99,JP,FALSE,FALSE
TX-200663,2024-07-24,Streetline Skate,Skateboarding,PC,39.99,DE,FALSE,FALSE
TX-200664,2024-10-30,LifeSpace,Life Simulation,PC,49.99,JP,FALSE,FALSE
TX-200665,2025-10-06,Apex Circuit,Racing,Switch,59.99,US,FALSE,FALSE
TX-200666,2025-02-16,Apex Circuit,Racing,PC,59.99,DE,FALSE,FALSE
TX-200667,2025-04-20,Streetline Skate,Skateboarding,PlayStation,39.99,JP,FALSE,FALSE
TX-200668,2025-08-20,Streetline Skate,Skateboarding,Xbox,39.99,US,FALSE,TRUE
TX-200669,2025-07-23,Highland Velocity,Racing,PlayStation,59.99,US,FALSE,FALSE
TX-200670,2025-09-01,Streetline Skate,Skateboarding,Xbox,39.99,UK,FALSE,FALSE
TX-200671,2024-12-21,Highland Velocity,Racing,Switch,59.99,UK,FALSE,FALSE
TX-200672,2026-03-10,Highland Velocity,Racing,PC,59.99,FR,FALSE,FALSE
TX-200673,2024-09-05,Streetline Skate,Skateboarding,Xbox,39.99,DE,FALSE,FALSE
TX-200674,2025-12-28,Streetline Skate,Skateboarding,PlayStation,39.99,FR,FALSE,TRUE
TX-200675,2025-04-27,LifeSpace,Life Simulation,PC,49.99,JP,FALSE,TRUE
TX-200676,2026-01-07,LifeSpace,Life Simulation,PC,49.99,DE,TRUE,TRUE
TX-200677,2026-03-19,LifeSpace,Life Simulation,PC,49.99,JP,FALSE,FALSE
TX-200678,2025-02-08,LifeSpace,Life Simulation,PlayStation,49.99,CA,FALSE,FALSE
TX-200679,2026-03-18,Streetline Skate,Skateboarding,PC,39.99,FR,FALSE,FALSE
TX-200680,2024-12-01,LifeSpace,Life Simulation,PC,49.99,FR,FALSE,FALSE
TX-200681,2024-10-09,Highland Velocity,Racing,PlayStation,59.99,US,FALSE,FALSE
TX-200682,2025-03-23,LifeSpace,Life Simulation,PlayStation,49.99,CA,FALSE,TRUE
TX-200683,2025-08-04,LifeSpace,Life Simulation,PC,49.99,AU,FALSE,FALSE
TX-200684,2026-05-03,Highland Velocity,Racing,PlayStation,59.99,BR,FALSE,FALSE
TX-200685,2024-06-29,Streetline Skate,Skateboarding,PC,39.99,BR,FALSE,FALSE
TX-200686,2025-02-02,Apex Circuit,Racing,PC,59.99,DE,FALSE,TRUE
TX-200687,2024-08-06,LifeSpace,Life Simulation,PC,49.99,CA,FALSE,FALSE
TX-200688,2026-01-06,LifeSpace,Life Simulation,PlayStation,49.99,AU,TRUE,FALSE
TX-200689,2025-12-02,Highland Velocity,Racing,PlayStation,59.99,US,FALSE,FALSE
TX-200690,2025-12-21,LifeSpace,Life Simulation,PC,49.99,CA,FALSE,FALSE
TX-200691,2024-10-05,LifeSpace,Life Simulation,PC,49.99,AU,FALSE,TRUE
TX-200692,2025-08-04,Streetline Skate,Skateboarding,Xbox,39.99,DE,FALSE,FALSE
TX-200693,2026-02-26,Highland Velocity,Racing,Xbox,59.99,UK,FALSE,FALSE
TX-200694,2024-09-26,Apex Circuit,Racing,Xbox,59.99,CA,FALSE,FALSE
TX-200695,2025-05-02,Apex Circuit,Racing,PC,59.99,JP,FALSE,FALSE
TX-200696,2025-10-19,Apex Circuit,Racing,PlayStation,59.99,UK,FALSE,FALSE
TX-200697,2026-02-19,Highland Velocity,Racing,PlayStation,59.99,FR,FALSE,FALSE
TX-200698,2026-01-17,Apex Circuit,Racing,PlayStation,59.99,US,FALSE,FALSE
TX-200699,2025-06-26,Highland Velocity,Racing,Xbox,59.99,CA,FALSE,FALSE
TX-200700,2025-02-01,LifeSpace,Life Simulation,PlayStation,49.99,DE,FALSE,TRUE
TX-200701,2024-06-16,LifeSpace,Life Simulation,PC,49.99,UK,FALSE,FALSE
TX-200702,2024-08-25,LifeSpace,Life Simulation,PC,49.99,UK,FALSE,FALSE
TX-200703,2026-05-31,LifeSpace,Life Simulation,PC,49.99,BR,FALSE,FALSE
TX-200704,2025-06-29,Streetline Skate,Skateboarding,Xbox,39.99,DE,FALSE,FALSE
TX-200705,2024-06-15,Apex Circuit,Racing,Xbox,59.99,AU,FALSE,FALSE
TX-200706,2025-02-18,LifeSpace,Life Simulation,PC,49.99,JP,FALSE,FALSE
TX-200707,2025-03-12,Highland Velocity,Racing,Xbox,59.99,JP,FALSE,FALSE
TX-200708,2024-11-14,Highland Velocity,Racing,Xbox,59.99,CA,FALSE,FALSE
TX-200709,2026-05-04,Apex Circuit,Racing,PC,59.99,DE,FALSE,FALSE
TX-200710,2024-09-26,Highland Velocity,Racing,PC,59.99,JP,FALSE,FALSE
TX-200711,2026-02-01,Apex Circuit,Racing,PlayStation,59.99,FR,FALSE,TRUE
TX-200712,2026-02-25,Highland Velocity,Racing,Xbox,59.99,DE,FALSE,FALSE
TX-200713,2025-03-31,Streetline Skate,Skateboarding,Xbox,39.99,BR,FALSE,FALSE
TX-200714,2026-05-24,LifeSpace,Life Simulation,PC,49.99,CA,FALSE,FALSE
TX-200715,2024-06-10,Highland Velocity,Racing,PlayStation,59.99,CA,FALSE,FALSE
TX-200716,2024-10-16,LifeSpace,Life Simulation,PC,49.99,US,FALSE,TRUE
TX-200717,2026-03-25,LifeSpace,Life Simulation,PC,49.99,DE,FALSE,TRUE
TX-200718,2025-03-25,Streetline Skate,Skateboarding,PlayStation,39.99,BR,TRUE,FALSE
TX-200719,2025-04-15,Apex Circuit,Racing,PC,59.99,FR,FALSE,FALSE
TX-200720,2024-10-30,LifeSpace,Life Simulation,PC,49.99,UK,FALSE,TRUE
TX-200721,2024-12-29,Highland Velocity,Racing,Xbox,59.99,AU,FALSE,FALSE
TX-200722,2024-10-14,Apex Circuit,Racing,Xbox,59.99,AU,FALSE,FALSE
TX-200723,2025-10-25,LifeSpace,Life Simulation,PC,49.99,UK,FALSE,TRUE
TX-200724,2024-11-11,Streetline Skate,Skateboarding,PC,39.99,JP,FALSE,FALSE
TX-200725,2025-10-08,Apex Circuit,Racing,PlayStation,59.99,DE,FALSE,FALSE
TX-200726,2025-01-20,LifeSpace,Life Simulation,PlayStation,49.99,FR,TRUE,FALSE
TX-200727,2025-10-18,Apex Circuit,Racing,PC,59.99,BR,FALSE,FALSE
TX-200728,2024-06-13,Highland Velocity,Racing,PlayStation,59.99,DE,FALSE,FALSE
TX-200729,2024-09-06,LifeSpace,Life Simulation,PC,49.99,FR,FALSE,TRUE
TX-200730,2025-08-18,Apex Circuit,Racing,PlayStation,59.99,AU,FALSE,FALSE
TX-200731,2026-03-13,LifeSpace,Life Simulation,PlayStation,49.99,UK,TRUE,FALSE
TX-200732,2025-03-24,Apex Circuit,Racing,Xbox,59.99,BR,FALSE,FALSE
TX-200733,2026-01-25,Streetline Skate,Skateboarding,Xbox,39.99,DE,FALSE,FALSE
TX-200734,2025-02-02,Streetline Skate,Skateboarding,PC,39.99,AU,FALSE,FALSE
TX-200735,2025-06-17,LifeSpace,Life Simulation,PC,49.99,UK,FALSE,FALSE
TX-200736,2024-08-25,Highland Velocity,Racing,Xbox,59.99,AU,FALSE,FALSE
TX-200737,2025-07-21,Highland Velocity,Racing,PC,59.99,FR,FALSE,FALSE
TX-200738,2024-09-23,Streetline Skate,Skateboarding,PlayStation,39.99,BR,FALSE,FALSE
TX-200739,2026-04-29,LifeSpace,Life Simulation,PC,49.99,DE,FALSE,FALSE
TX-200740,2024-11-27,LifeSpace,Life Simulation,PC,49.99,DE,FALSE,FALSE
TX-200741,2026-04-11,Highland Velocity,Racing,PlayStation,59.99,DE,FALSE,FALSE
TX-200742,2024-11-11,LifeSpace,Life Simulation,PC,49.99,FR,FALSE,TRUE
TX-200743,2025-02-12,Apex Circuit,Racing,Xbox,59.99,BR,FALSE,TRUE
TX-200744,2024-09-24,Streetline Skate,Skateboarding,Xbox,39.99,US,FALSE,FALSE
TX-200745,2025-03-29,LifeSpace,Life Simulation,PC,49.99,JP,FALSE,TRUE
TX-200746,2025-02-21,Streetline Skate,Skateboarding,PC,39.99,BR,FALSE,FALSE
TX-200747,2025-03-18,Streetline Skate,Skateboarding,Xbox,39.99,DE,FALSE,FALSE
TX-200748,2024-12-17,LifeSpace,Life Simulation,PC,49.99,BR,FALSE,FALSE
TX-200749,2025-07-12,Highland Velocity,Racing,PlayStation,59.99,UK,FALSE,FALSE
TX-200750,2024-07-18,Highland Velocity,Racing,PC,59.99,US,FALSE,FALSE
TX-200751,2026-04-15,Highland Velocity,Racing,Xbox,59.99,CA,FALSE,FALSE
TX-200752,2024-10-18,Streetline Skate,Skateboarding,PlayStation,39.99,FR,FALSE,FALSE
TX-200753,2025-11-05,Apex Circuit,Racing,Xbox,59.99,JP,FALSE,FALSE
TX-200754,2025-03-23,Highland Velocity,Racing,Xbox,59.99,BR,FALSE,FALSE
TX-200755,2025-01-10,Apex Circuit,Racing,Xbox,59.99,FR,FALSE,FALSE
TX-200756,2025-11-22,LifeSpace,Life Simulation,PC,49.99,CA,FALSE,FALSE
TX-200757,2024-12-14,Highland Velocity,Racing,Xbox,59.99,JP,FALSE,FALSE
TX-200758,2024-08-25,Apex Circuit,Racing,PlayStation,59.99,JP,FALSE,FALSE
TX-200759,2026-03-28,Highland Velocity,Racing,Xbox,59.99,CA,FALSE,FALSE
TX-200760,2025-01-07,Streetline Skate,Skateboarding,PC,39.99,US,FALSE,FALSE
TX-200761,2024-12-18,LifeSpace,Life Simulation,PC,49.99,AU,FALSE,FALSE
TX-200762,2025-06-11,Apex Circuit,Racing,PlayStation,59.99,FR,TRUE,FALSE
TX-200763,2026-01-10,Highland Velocity,Racing,PlayStation,59.99,UK,FALSE,FALSE
TX-200764,2024-11-15,Streetline Skate,Skateboarding,PlayStation,39.99,BR,FALSE,FALSE
TX-200765,2024-07-20,Apex Circuit,Racing,PC,59.99,US,FALSE,TRUE
TX-200766,2024-08-01,Highland Velocity,Racing,PlayStation,59.99,FR,FALSE,FALSE
TX-200767,2025-08-17,Streetline Skate,Skateboarding,PC,39.99,CA,FALSE,FALSE
TX-200768,2025-09-06,Apex Circuit,Racing,PlayStation,59.99,FR,FALSE,FALSE
TX-200769,2024-08-16,Highland Velocity,Racing,Xbox,59.99,FR,FALSE,FALSE
TX-200770,2024-07-07,Highland Velocity,Racing,Xbox,59.99,AU,FALSE,TRUE
TX-200771,2026-01-13,LifeSpace,Life Simulation,PC,49.99,UK,FALSE,TRUE
TX-200772,2025-05-17,Streetline Skate,Skateboarding,Xbox,39.99,DE,FALSE,FALSE
TX-200773,2024-10-07,Apex Circuit,Racing,Xbox,59.99,CA,FALSE,FALSE
TX-200774,2025-01-06,Apex Circuit,Racing,Xbox,59.99,DE,FALSE,FALSE
TX-200775,2025-06-08,Highland Velocity,Racing,PlayStation,59.99,DE,FALSE,FALSE
TX-200776,2025-12-02,LifeSpace,Life Simulation,PC,49.99,JP,FALSE,FALSE
TX-200777,2026-03-27,LifeSpace,Life Simulation,PC,49.99,US,FALSE,FALSE
TX-200778,2025-03-27,Streetline Skate,Skateboarding,PlayStation,39.99,UK,FALSE,FALSE
TX-200779,2025-07-14,Streetline Skate,Skateboarding,Xbox,39.99,CA,FALSE,FALSE
TX-200780,2024-08-09,Highland Velocity,Racing,PC,59.99,AU,FALSE,FALSE
TX-200781,2024-07-08,Highland Velocity,Racing,PC,59.99,DE,FALSE,FALSE
TX-200782,2025-02-14,Highland Velocity,Racing,Xbox,59.99,JP,FALSE,FALSE
TX-200783,2026-01-29,Streetline Skate,Skateboarding,PC,39.99,CA,FALSE,FALSE
TX-200784,2026-01-29,Apex Circuit,Racing,PlayStation,59.99,BR,FALSE,FALSE
TX-200785,2025-11-27,Highland Velocity,Racing,PC,59.99,AU,FALSE,FALSE
TX-200786,2024-10-18,LifeSpace,Life Simulation,PlayStation,49.99,FR,FALSE,FALSE
TX-200787,2026-05-24,LifeSpace,Life Simulation,PC,49.99,CA,FALSE,FALSE
TX-200788,2025-10-15,Apex Circuit,Racing,Switch,59.99,FR,FALSE,TRUE
TX-200789,2024-09-06,LifeSpace,Life Simulation,PC,49.99,AU,FALSE,FALSE
TX-200790,2024-09-27,Highland Velocity,Racing,PC,59.99,CA,FALSE,TRUE
TX-200791,2025-12-03,Apex Circuit,Racing,Xbox,59.99,JP,FALSE,FALSE
TX-200792,2025-10-24,Highland Velocity,Racing,PlayStation,59.99,JP,FALSE,FALSE
TX-200793,2024-09-01,LifeSpace,Life Simulation,PC,49.99,UK,FALSE,FALSE
TX-200794,2025-05-16,Apex Circuit,Racing,PlayStation,59.99,BR,FALSE,FALSE
TX-200795,2025-11-05,Streetline Skate,Skateboarding,PC,39.99,FR,FALSE,FALSE
TX-200796,2024-12-15,Highland Velocity,Racing,Xbox,59.99,AU,FALSE,FALSE
TX-200797,2026-05-14,Streetline Skate,Skateboarding,PlayStation,39.99,BR,FALSE,FALSE
TX-200798,2024-06-16,Highland Velocity,Racing,PC,59.99,JP,FALSE,FALSE
TX-200799,2025-01-14,Streetline Skate,Skateboarding,Xbox,39.99,DE,FALSE,FALSE
TX-200800,2025-01-12,Apex Circuit,Racing,PlayStation,59.99,AU,FALSE,FALSE
TX-200801,2024-11-17,Highland Velocity,Racing,PC,59.99,CA,FALSE,FALSE
TX-200802,2025-08-15,Streetline Skate,Skateboarding,Xbox,39.99,DE,FALSE,FALSE
TX-200803,2024-06-11,Highland Velocity,Racing,PlayStation,59.99,US,FALSE,FALSE
TX-200804,2024-08-05,Apex Circuit,Racing,PlayStation,59.99,CA,FALSE,FALSE
TX-200805,2024-07-21,LifeSpace,Life Simulation,PC,49.99,JP,FALSE,FALSE
TX-200806,2025-06-12,LifeSpace,Life Simulation,PC,49.99,JP,FALSE,FALSE
TX-200807,2025-01-09,LifeSpace,Life Simulation,PlayStation,49.99,FR,FALSE,FALSE
TX-200808,2025-02-15,Highland Velocity,Racing,Xbox,59.99,BR,FALSE,TRUE
TX-200809,2025-09-14,Streetline Skate,Skateboarding,PC,39.99,AU,FALSE,FALSE
TX-200810,2024-08-27,Apex Circuit,Racing,Xbox,59.99,CA,FALSE,TRUE
TX-200811,2026-01-07,LifeSpace,Life Simulation,PC,49.99,AU,FALSE,TRUE
TX-200812,2025-03-02,Highland Velocity,Racing,PC,59.99,BR,FALSE,FALSE
TX-200813,2024-12-16,Highland Velocity,Racing,PlayStation,59.99,DE,FALSE,FALSE
TX-200814,2024-10-01,LifeSpace,Life Simulation,PC,49.99,AU,FALSE,FALSE
TX-200815,2024-10-22,Highland Velocity,Racing,PlayStation,59.99,DE,FALSE,FALSE
TX-200816,2024-11-25,Streetline Skate,Skateboarding,PC,39.99,FR,FALSE,FALSE
TX-200817,2026-02-23,Highland Velocity,Racing,PlayStation,59.99,UK,FALSE,FALSE
TX-200818,2024-12-08,Highland Velocity,Racing,PlayStation,59.99,BR,FALSE,FALSE
TX-200819,2024-10-04,Streetline Skate,Skateboarding,PC,39.99,CA,FALSE,FALSE
TX-200820,2025-01-22,LifeSpace,Life Simulation,PC,49.99,UK,FALSE,FALSE
TX-200821,2024-07-14,Apex Circuit,Racing,Switch,59.99,JP,FALSE,FALSE
TX-200822,2025-09-04,Highland Velocity,Racing,PlayStation,59.99,AU,FALSE,FALSE
TX-200823,2024-10-14,Highland Velocity,Racing,PC,59.99,AU,FALSE,FALSE
TX-200824,2024-09-22,Highland Velocity,Racing,Xbox,59.99,DE,FALSE,FALSE
TX-200825,2025-01-19,Highland Velocity,Racing,Xbox,59.99,DE,FALSE,FALSE
TX-200826,2025-04-26,Streetline Skate,Skateboarding,Xbox,39.99,DE,FALSE,FALSE
TX-200827,2025-12-28,Streetline Skate,Skateboarding,PC,39.99,UK,FALSE,FALSE
TX-200828,2025-08-30,Highland Velocity,Racing,PC,59.99,JP,FALSE,TRUE
TX-200829,2025-05-15,Highland Velocity,Racing,PC,59.99,BR,FALSE,FALSE
TX-200830,2025-02-27,LifeSpace,Life Simulation,PC,49.99,AU,FALSE,FALSE
TX-200831,2025-02-24,Apex Circuit,Racing,PC,59.99,DE,FALSE,FALSE
TX-200832,2025-05-11,Apex Circuit,Racing,PlayStation,59.99,JP,FALSE,FALSE
TX-200833,2025-08-02,Streetline Skate,Skateboarding,PlayStation,39.99,US,FALSE,FALSE
TX-200834,2024-10-16,LifeSpace,Life Simulation,PC,49.99,BR,FALSE,FALSE
TX-200835,2025-08-16,LifeSpace,Life Simulation,PC,49.99,BR,FALSE,FALSE
TX-200836,2025-08-11,Streetline Skate,Skateboarding,PC,39.99,US,FALSE,FALSE
TX-200837,2025-11-27,Highland Velocity,Racing,PlayStation,59.99,FR,FALSE,FALSE
TX-200838,2024-11-24,Streetline Skate,Skateboarding,PC,39.99,BR,FALSE,FALSE
TX-200839,2024-08-04,Streetline Skate,Skateboarding,PC,39.99,JP,FALSE,FALSE
TX-200840,2026-04-17,LifeSpace,Life Simulation,PC,49.99,CA,FALSE,FALSE
TX-200841,2024-07-17,Streetline Skate,Skateboarding,PlayStation,39.99,CA,FALSE,FALSE
TX-200842,2026-04-10,LifeSpace,Life Simulation,PC,49.99,UK,FALSE,FALSE
TX-200843,2025-10-09,Highland Velocity,Racing,PlayStation,59.99,AU,FALSE,FALSE
TX-200844,2024-09-13,Streetline Skate,Skateboarding,PlayStation,39.99,BR,FALSE,FALSE
TX-200845,2025-05-21,Apex Circuit,Racing,Switch,59.99,JP,FALSE,FALSE
TX-200846,2025-08-15,Highland Velocity,Racing,Xbox,59.99,JP,FALSE,FALSE
TX-200847,2024-10-13,LifeSpace,Life Simulation,PC,49.99,US,TRUE,TRUE
TX-200848,2025-10-05,Streetline Skate,Skateboarding,PC,39.99,AU,FALSE,FALSE
TX-200849,2026-04-13,LifeSpace,Life Simulation,PC,49.99,BR,FALSE,FALSE
TX-200850,2025-04-07,Streetline Skate,Skateboarding,PlayStation,39.99,FR,FALSE,FALSE
TX-200851,2024-06-21,Apex Circuit,Racing,Xbox,59.99,JP,FALSE,FALSE
TX-200852,2025-01-24,Apex Circuit,Racing,PlayStation,59.99,FR,FALSE,FALSE
TX-200853,2026-05-28,LifeSpace,Life Simulation,PC,49.99,CA,FALSE,FALSE
TX-200854,2025-03-22,Streetline Skate,Skateboarding,PC,39.99,UK,FALSE,FALSE
TX-200855,2025-12-06,Streetline Skate,Skateboarding,PlayStation,39.99,AU,FALSE,FALSE
TX-200856,2024-06-12,Streetline Skate,Skateboarding,PC,39.99,US,FALSE,FALSE
TX-200857,2025-12-03,Highland Velocity,Racing,Xbox,59.99,FR,FALSE,FALSE
TX-200858,2025-06-17,Streetline Skate,Skateboarding,Xbox,39.99,DE,FALSE,FALSE
TX-200859,2025-02-10,Highland Velocity,Racing,PC,59.99,US,FALSE,FALSE
TX-200860,2025-04-02,LifeSpace,Life Simulation,PC,49.99,FR,FALSE,TRUE
TX-200861,2026-04-04,LifeSpace,Life Simulation,PC,49.99,UK,FALSE,TRUE
TX-200862,2025-07-06,Streetline Skate,Skateboarding,PlayStation,39.99,CA,FALSE,FALSE
TX-200863,2025-07-14,Apex Circuit,Racing,PC,59.99,FR,FALSE,FALSE
TX-200864,2026-01-05,LifeSpace,Life Simulation,PC,49.99,CA,FALSE,TRUE
TX-200865,2025-06-24,LifeSpace,Life Simulation,PC,49.99,JP,FALSE,FALSE
TX-200866,2025-06-26,Apex Circuit,Racing,PC,59.99,UK,FALSE,FALSE
TX-200867,2026-01-13,Apex Circuit,Racing,Xbox,59.99,US,FALSE,FALSE
TX-200868,2025-06-17,Streetline Skate,Skateboarding,Xbox,39.99,CA,FALSE,FALSE
TX-200869,2025-12-12,Highland Velocity,Racing,Xbox,59.99,DE,FALSE,FALSE
TX-200870,2024-07-24,Streetline Skate,Skateboarding,PlayStation,39.99,UK,FALSE,FALSE
TX-200871,2025-07-20,Streetline Skate,Skateboarding,PC,39.99,FR,FALSE,FALSE
TX-200872,2025-05-23,Highland Velocity,Racing,Xbox,59.99,BR,FALSE,FALSE
TX-200873,2026-02-02,Apex Circuit,Racing,Xbox,59.99,AU,FALSE,FALSE
TX-200874,2026-05-03,Apex Circuit,Racing,Xbox,59.99,CA,FALSE,FALSE
TX-200875,2025-07-19,Apex Circuit,Racing,PC,59.99,CA,FALSE,FALSE
TX-200876,2025-08-24,Highland Velocity,Racing,Xbox,59.99,BR,FALSE,FALSE
TX-200877,2025-05-03,LifeSpace,Life Simulation,PC,49.99,US,FALSE,FALSE
TX-200878,2025-02-05,LifeSpace,Life Simulation,PlayStation,49.99,US,FALSE,FALSE
TX-200879,2025-03-21,Highland Velocity,Racing,Xbox,59.99,CA,FALSE,FALSE
TX-200880,2026-01-22,LifeSpace,Life Simulation,PC,49.99,UK,FALSE,TRUE
TX-200881,2026-03-11,Apex Circuit,Racing,PlayStation,59.99,BR,FALSE,FALSE
TX-200882,2025-05-20,Highland Velocity,Racing,Xbox,59.99,BR,FALSE,FALSE
TX-200883,2025-04-08,Highland Velocity,Racing,PlayStation,59.99,CA,FALSE,FALSE
TX-200884,2024-09-07,Highland Velocity,Racing,PC,59.99,AU,FALSE,FALSE
TX-200885,2026-05-23,Highland Velocity,Racing,Xbox,59.99,CA,FALSE,TRUE
TX-200886,2026-05-07,Apex Circuit,Racing,Xbox,59.99,DE,FALSE,FALSE
TX-200887,2025-06-10,Apex Circuit,Racing,PC,59.99,JP,FALSE,FALSE
TX-200888,2025-03-10,Streetline Skate,Skateboarding,PlayStation,39.99,AU,FALSE,FALSE
TX-200889,2025-10-03,Streetline Skate,Skateboarding,PC,39.99,AU,FALSE,FALSE
TX-200890,2026-02-05,Highland Velocity,Racing,PC,59.99,JP,FALSE,FALSE
TX-200891,2025-12-23,Streetline Skate,Skateboarding,Xbox,39.99,UK,FALSE,FALSE
TX-200892,2026-04-26,LifeSpace,Life Simulation,PC,49.99,CA,FALSE,FALSE
TX-200893,2024-10-09,LifeSpace,Life Simulation,PC,49.99,JP,FALSE,TRUE
TX-200894,2025-06-21,Highland Velocity,Racing,PlayStation,59.99,US,FALSE,FALSE
TX-200895,2025-12-16,Highland Velocity,Racing,Switch,59.99,UK,FALSE,FALSE
TX-200896,2024-12-05,Apex Circuit,Racing,PC,59.99,FR,FALSE,FALSE
TX-200897,2025-09-25,Apex Circuit,Racing,PlayStation,59.99,DE,FALSE,FALSE
TX-200898,2025-06-09,LifeSpace,Life Simulation,PlayStation,49.99,UK,FALSE,FALSE
TX-200899,2025-03-10,Streetline Skate,Skateboarding,PC,39.99,CA,FALSE,FALSE
TX-200900,2025-06-14,Highland Velocity,Racing,Xbox,59.99,CA,FALSE,FALSE
TX-200901,2025-12-17,Highland Velocity,Racing,PC,59.99,DE,FALSE,FALSE
TX-200902,2025-03-27,Streetline Skate,Skateboarding,PC,39.99,CA,FALSE,FALSE
TX-200903,2026-04-30,LifeSpace,Life Simulation,PC,49.99,BR,FALSE,FALSE
TX-200904,2025-04-16,Highland Velocity,Racing,PC,59.99,FR,FALSE,FALSE
TX-200905,2025-09-26,Apex Circuit,Racing,Switch,59.99,JP,FALSE,FALSE
TX-200906,2024-07-16,Highland Velocity,Racing,PlayStation,59.99,FR,FALSE,FALSE
TX-200907,2025-06-09,LifeSpace,Life Simulation,PC,49.99,US,FALSE,TRUE
TX-200908,2024-10-29,Highland Velocity,Racing,PlayStation,59.99,CA,FALSE,FALSE
TX-200909,2025-02-10,Apex Circuit,Racing,PC,59.99,AU,FALSE,FALSE
TX-200910,2024-08-12,Apex Circuit,Racing,PlayStation,59.99,JP,FALSE,FALSE
TX-200911,2024-07-04,LifeSpace,Life Simulation,PC,49.99,CA,FALSE,FALSE
TX-200912,2024-09-06,LifeSpace,Life Simulation,PC,49.99,DE,FALSE,FALSE
TX-200913,2025-12-24,Highland Velocity,Racing,PlayStation,59.99,DE,FALSE,FALSE
TX-200914,2024-06-02,Highland Velocity,Racing,Switch,59.99,AU,FALSE,FALSE
TX-200915,2026-03-19,LifeSpace,Life Simulation,PC,49.99,JP,FALSE,FALSE
TX-200916,2026-02-14,Streetline Skate,Skateboarding,PC,39.99,CA,FALSE,FALSE
TX-200917,2024-11-05,Highland Velocity,Racing,Xbox,59.99,US,FALSE,FALSE
TX-200918,2024-07-15,Highland Velocity,Racing,PC,59.99,FR,FALSE,FALSE
TX-200919,2026-01-19,Streetline Skate,Skateboarding,PC,39.99,CA,FALSE,FALSE
TX-200920,2024-11-14,Apex Circuit,Racing,PC,59.99,BR,FALSE,FALSE
TX-200921,2024-08-16,Apex Circuit,Racing,Xbox,59.99,DE,FALSE,FALSE
TX-200922,2025-12-17,Streetline Skate,Skateboarding,PC,39.99,US,FALSE,FALSE
TX-200923,2024-06-25,Streetline Skate,Skateboarding,Xbox,39.99,UK,FALSE,FALSE
TX-200924,2025-03-17,Highland Velocity,Racing,Xbox,59.99,AU,FALSE,FALSE
TX-200925,2025-05-06,Apex Circuit,Racing,PlayStation,59.99,AU,FALSE,FALSE
TX-200926,2025-05-27,Streetline Skate,Skateboarding,PC,39.99,AU,FALSE,FALSE
TX-200927,2024-10-09,LifeSpace,Life Simulation,PC,49.99,CA,FALSE,FALSE
TX-200928,2025-10-16,LifeSpace,Life Simulation,PC,49.99,FR,FALSE,FALSE
TX-200929,2025-11-01,LifeSpace,Life Simulation,PlayStation,49.99,UK,FALSE,FALSE
TX-200930,2024-12-07,LifeSpace,Life Simulation,PC,49.99,BR,TRUE,FALSE
TX-200931,2025-11-10,LifeSpace,Life Simulation,PC,49.99,US,FALSE,FALSE
TX-200932,2025-08-19,Streetline Skate,Skateboarding,Xbox,39.99,JP,FALSE,FALSE
TX-200933,2026-03-05,Streetline Skate,Skateboarding,PC,39.99,AU,FALSE,FALSE
TX-200934,2025-08-11,LifeSpace,Life Simulation,PlayStation,49.99,FR,FALSE,FALSE
TX-200935,2024-12-08,LifeSpace,Life Simulation,PC,49.99,JP,FALSE,FALSE
TX-200936,2026-01-26,Streetline Skate,Skateboarding,PC,39.99,BR,FALSE,FALSE
TX-200937,2025-11-15,Apex Circuit,Racing,Xbox,59.99,JP,FALSE,TRUE
TX-200938,2024-11-28,Highland Velocity,Racing,Xbox,59.99,DE,FALSE,FALSE
TX-200939,2025-02-15,Streetline Skate,Skateboarding,PC,39.99,BR,FALSE,FALSE
TX-200940,2025-06-19,LifeSpace,Life Simulation,PC,49.99,AU,FALSE,TRUE
TX-200941,2025-06-13,Highland Velocity,Racing,Xbox,59.99,UK,FALSE,FALSE
TX-200942,2024-10-16,Apex Circuit,Racing,Switch,59.99,AU,FALSE,FALSE
TX-200943,2025-01-13,Streetline Skate,Skateboarding,PC,39.99,US,FALSE,FALSE
TX-200944,2025-04-15,Highland Velocity,Racing,PlayStation,59.99,BR,FALSE,FALSE
TX-200945,2024-08-05,LifeSpace,Life Simulation,PC,49.99,UK,FALSE,FALSE
TX-200946,2024-09-23,LifeSpace,Life Simulation,PC,49.99,FR,FALSE,FALSE
TX-200947,2025-11-06,LifeSpace,Life Simulation,PC,49.99,BR,FALSE,FALSE
TX-200948,2025-09-03,Apex Circuit,Racing,Switch,59.99,US,FALSE,FALSE
TX-200949,2025-09-25,Highland Velocity,Racing,PlayStation,59.99,CA,FALSE,FALSE
TX-200950,2024-10-31,Apex Circuit,Racing,PC,59.99,CA,FALSE,FALSE
TX-200951,2026-01-23,LifeSpace,Life Simulation,PC,49.99,DE,FALSE,FALSE
TX-200952,2025-11-10,Apex Circuit,Racing,Xbox,59.99,JP,FALSE,FALSE
TX-200953,2026-01-16,LifeSpace,Life Simulation,PC,49.99,FR,FALSE,FALSE
TX-200954,2024-08-27,Streetline Skate,Skateboarding,Xbox,39.99,JP,FALSE,FALSE
TX-200955,2025-12-05,LifeSpace,Life Simulation,PC,49.99,UK,FALSE,TRUE
TX-200956,2026-04-30,LifeSpace,Life Simulation,PC,49.99,UK,FALSE,FALSE
TX-200957,2025-07-22,Streetline Skate,Skateboarding,PlayStation,39.99,BR,FALSE,FALSE
TX-200958,2026-02-08,Highland Velocity,Racing,Xbox,59.99,CA,FALSE,FALSE
TX-200959,2025-03-27,Streetline Skate,Skateboarding,PC,39.99,DE,FALSE,FALSE
TX-200960,2024-10-08,LifeSpace,Life Simulation,PC,49.99,AU,FALSE,FALSE
TX-200961,2026-02-28,Apex Circuit,Racing,Xbox,59.99,UK,FALSE,FALSE
TX-200962,2025-05-04,Apex Circuit,Racing,Xbox,59.99,DE,FALSE,FALSE
TX-200963,2024-10-13,Streetline Skate,Skateboarding,Xbox,39.99,DE,FALSE,FALSE
TX-200964,2025-03-19,Highland Velocity,Racing,Xbox,59.99,US,FALSE,FALSE
TX-200965,2025-10-02,Apex Circuit,Racing,PlayStation,59.99,BR,FALSE,FALSE
TX-200966,2026-04-01,LifeSpace,Life Simulation,PC,49.99,DE,FALSE,TRUE
TX-200967,2025-06-05,Streetline Skate,Skateboarding,PC,39.99,UK,FALSE,FALSE
TX-200968,2024-08-26,Highland Velocity,Racing,PC,59.99,CA,FALSE,FALSE
TX-200969,2024-12-10,Streetline Skate,Skateboarding,Xbox,39.99,BR,FALSE,FALSE
TX-200970,2025-01-26,Streetline Skate,Skateboarding,PlayStation,39.99,JP,FALSE,FALSE
TX-200971,2025-05-25,Streetline Skate,Skateboarding,PC,39.99,JP,FALSE,FALSE
TX-200972,2024-11-03,Highland Velocity,Racing,PC,59.99,FR,FALSE,FALSE
TX-200973,2025-07-18,Highland Velocity,Racing,PlayStation,59.99,US,FALSE,FALSE
TX-200974,2025-09-23,Highland Velocity,Racing,PC,59.99,CA,FALSE,FALSE
TX-200975,2025-08-10,Highland Velocity,Racing,PlayStation,59.99,CA,FALSE,FALSE
TX-200976,2026-04-05,Streetline Skate,Skateboarding,PC,39.99,FR,FALSE,FALSE
TX-200977,2026-02-05,Streetline Skate,Skateboarding,PC,39.99,JP,FALSE,FALSE
TX-200978,2025-02-24,Streetline Skate,Skateboarding,Xbox,39.99,AU,FALSE,FALSE
TX-200979,2026-03-03,Streetline Skate,Skateboarding,PlayStation,39.99,UK,FALSE,FALSE
TX-200980,2026-05-10,Streetline Skate,Skateboarding,Xbox,39.99,DE,FALSE,FALSE
TX-200981,2025-10-29,LifeSpace,Life Simulation,PC,49.99,CA,TRUE,FALSE
TX-200982,2024-06-11,Streetline Skate,Skateboarding,PlayStation,39.99,BR,FALSE,FALSE
TX-200983,2025-08-18,Streetline Skate,Skateboarding,PlayStation,39.99,CA,FALSE,FALSE
TX-200984,2025-03-23,Highland Velocity,Racing,PC,59.99,UK,FALSE,FALSE
TX-200985,2025-10-03,LifeSpace,Life Simulation,PC,49.99,BR,FALSE,TRUE
TX-200986,2025-05-17,Highland Velocity,Racing,PC,59.99,BR,FALSE,FALSE
TX-200987,2026-01-15,LifeSpace,Life Simulation,PlayStation,49.99,JP,TRUE,TRUE
TX-200988,2024-11-13,Apex Circuit,Racing,PlayStation,59.99,CA,FALSE,FALSE
TX-200989,2025-06-08,Streetline Skate,Skateboarding,PC,39.99,DE,FALSE,FALSE
TX-200990,2025-11-11,Apex Circuit,Racing,PlayStation,59.99,FR,FALSE,FALSE
TX-200991,2025-08-01,Highland Velocity,Racing,Switch,59.99,UK,FALSE,FALSE
TX-200992,2025-01-29,Streetline Skate,Skateboarding,PlayStation,39.99,BR,FALSE,FALSE
TX-200993,2026-01-17,LifeSpace,Life Simulation,PC,49.99,US,FALSE,TRUE
TX-200994,2024-10-28,LifeSpace,Life Simulation,PC,49.99,AU,FALSE,FALSE
TX-200995,2024-09-13,Streetline Skate,Skateboarding,Xbox,39.99,BR,FALSE,FALSE
TX-200996,2024-06-09,Apex Circuit,Racing,Xbox,59.99,DE,FALSE,FALSE
TX-200997,2025-11-11,Highland Velocity,Racing,PC,59.99,UK,FALSE,FALSE
TX-200998,2026-05-28,Highland Velocity,Racing,Xbox,59.99,BR,FALSE,FALSE
TX-200999,2024-09-14,Apex Circuit,Racing,Xbox,59.99,AU,FALSE,TRUE
TX-201000,2025-12-29,Streetline Skate,Skateboarding,PlayStation,39.99,JP,FALSE,FALSE
TX-201001,2025-10-03,LifeSpace,Life Simulation,PC,49.99,FR,FALSE,TRUE
TX-201002,2024-12-19,Apex Circuit,Racing,PC,59.99,CA,FALSE,FALSE
TX-201003,2025-04-29,Highland Velocity,Racing,Xbox,59.99,AU,FALSE,FALSE
TX-201004,2026-02-03,Highland Velocity,Racing,PlayStation,59.99,JP,FALSE,FALSE
TX-201005,2025-09-02,LifeSpace,Life Simulation,PC,49.99,BR,FALSE,TRUE
TX-201006,2025-11-11,Apex Circuit,Racing,PlayStation,59.99,AU,FALSE,FALSE
TX-201007,2025-05-18,Streetline Skate,Skateboarding,PlayStation,39.99,JP,FALSE,FALSE
TX-201008,2026-03-29,Streetline Skate,Skateboarding,Xbox,39.99,CA,FALSE,TRUE
TX-201009,2025-05-27,Highland Velocity,Racing,Xbox,59.99,AU,FALSE,TRUE
TX-201010,2025-09-14,Apex Circuit,Racing,Switch,59.99,DE,FALSE,FALSE
TX-201011,2025-07-29,Highland Velocity,Racing,PlayStation,59.99,AU,FALSE,FALSE
TX-201012,2026-01-01,LifeSpace,Life Simulation,PC,49.99,UK,FALSE,TRUE
TX-201013,2025-06-26,Highland Velocity,Racing,PlayStation,59.99,AU,FALSE,FALSE
TX-201014,2025-11-01,Streetline Skate,Skateboarding,Xbox,39.99,FR,FALSE,FALSE
TX-201015,2025-03-28,Highland Velocity,Racing,PC,59.99,AU,FALSE,FALSE
TX-201016,2025-04-22,Highland Velocity,Racing,PlayStation,59.99,UK,FALSE,TRUE
TX-201017,2026-05-11,Streetline Skate,Skateboarding,PlayStation,39.99,UK,FALSE,FALSE
TX-201018,2025-02-09,Apex Circuit,Racing,PlayStation,59.99,AU,FALSE,FALSE
TX-201019,2025-08-03,Streetline Skate,Skateboarding,PlayStation,39.99,BR,FALSE,FALSE
TX-201020,2025-01-21,Highland Velocity,Racing,PC,59.99,UK,FALSE,FALSE
TX-201021,2026-03-31,Apex Circuit,Racing,Xbox,59.99,BR,FALSE,FALSE
TX-201022,2025-01-21,LifeSpace,Life Simulation,PC,49.99,DE,FALSE,FALSE
TX-201023,2024-12-18,Highland Velocity,Racing,PlayStation,59.99,AU,FALSE,FALSE
TX-201024,2025-02-13,Streetline Skate,Skateboarding,PC,39.99,JP,FALSE,FALSE
TX-201025,2024-07-22,LifeSpace,Life Simulation,PC,49.99,BR,FALSE,TRUE
TX-201026,2025-12-09,Streetline Skate,Skateboarding,PlayStation,39.99,UK,FALSE,FALSE
TX-201027,2026-05-14,Highland Velocity,Racing,PC,59.99,US,FALSE,FALSE
TX-201028,2024-10-05,Apex Circuit,Racing,PlayStation,59.99,UK,FALSE,TRUE
TX-201029,2026-04-06,Highland Velocity,Racing,PlayStation,59.99,AU,FALSE,FALSE
TX-201030,2025-08-15,Apex Circuit,Racing,PC,59.99,UK,FALSE,FALSE
TX-201031,2024-11-12,Streetline Skate,Skateboarding,PC,39.99,US,FALSE,FALSE
TX-201032,2024-09-10,Apex Circuit,Racing,Xbox,59.99,BR,FALSE,FALSE
TX-201033,2025-11-26,Highland Velocity,Racing,PlayStation,59.99,AU,FALSE,FALSE
TX-201034,2025-04-23,Highland Velocity,Racing,PlayStation,59.99,US,FALSE,FALSE
TX-201035,2026-04-02,LifeSpace,Life Simulation,PlayStation,49.99,US,FALSE,FALSE
TX-201036,2025-10-19,Highland Velocity,Racing,PC,59.99,JP,FALSE,FALSE
TX-201037,2026-03-01,Streetline Skate,Skateboarding,PlayStation,39.99,UK,FALSE,FALSE
TX-201038,2025-12-02,Apex Circuit,Racing,Xbox,59.99,CA,FALSE,TRUE
TX-201039,2025-09-14,Streetline Skate,Skateboarding,PC,39.99,CA,FALSE,FALSE
TX-201040,2025-04-14,Streetline Skate,Skateboarding,PlayStation,39.99,AU,FALSE,FALSE
TX-201041,2024-10-29,Streetline Skate,Skateboarding,Xbox,39.99,FR,FALSE,FALSE
TX-201042,2026-03-27,Streetline Skate,Skateboarding,Xbox,39.99,UK,FALSE,FALSE
TX-201043,2025-02-25,Apex Circuit,Racing,PlayStation,59.99,US,FALSE,TRUE
TX-201044,2025-07-13,Apex Circuit,Racing,PlayStation,59.99,DE,FALSE,FALSE
TX-201045,2025-12-08,Highland Velocity,Racing,Switch,59.99,DE,FALSE,FALSE
TX-201046,2025-08-12,Highland Velocity,Racing,PC,59.99,FR,FALSE,FALSE
TX-201047,2024-11-09,Apex Circuit,Racing,Xbox,59.99,CA,FALSE,FALSE
TX-201048,2025-06-28,Apex Circuit,Racing,PC,59.99,FR,FALSE,FALSE
TX-201049,2026-03-01,Highland Velocity,Racing,PlayStation,59.99,DE,FALSE,FALSE
TX-201050,2026-05-07,Highland Velocity,Racing,PC,59.99,DE,FALSE,FALSE
TX-201051,2025-04-15,Streetline Skate,Skateboarding,Xbox,39.99,CA,FALSE,FALSE
TX-201052,2025-07-03,LifeSpace,Life Simulation,PC,49.99,BR,FALSE,TRUE
TX-201053,2026-03-03,Apex Circuit,Racing,Switch,59.99,BR,FALSE,TRUE
TX-201054,2026-01-13,LifeSpace,Life Simulation,PlayStation,49.99,FR,TRUE,TRUE
TX-201055,2025-12-14,Streetline Skate,Skateboarding,PlayStation,39.99,AU,FALSE,FALSE
TX-201056,2025-04-01,LifeSpace,Life Simulation,PC,49.99,US,FALSE,FALSE
TX-201057,2024-08-12,LifeSpace,Life Simulation,PC,49.99,UK,TRUE,TRUE
TX-201058,2025-09-23,Streetline Skate,Skateboarding,PC,39.99,FR,FALSE,FALSE
TX-201059,2025-09-24,Apex Circuit,Racing,PC,59.99,DE,FALSE,FALSE
TX-201060,2024-11-02,Highland Velocity,Racing,PlayStation,59.99,JP,FALSE,FALSE
TX-201061,2024-07-03,Streetline Skate,Skateboarding,PC,39.99,BR,FALSE,FALSE
TX-201062,2025-04-22,Highland Velocity,Racing,PlayStation,59.99,FR,FALSE,FALSE
TX-201063,2024-12-10,Streetline Skate,Skateboarding,PC,39.99,JP,FALSE,FALSE
TX-201064,2025-05-29,Highland Velocity,Racing,Switch,59.99,US,FALSE,FALSE
TX-201065,2025-05-31,LifeSpace,Life Simulation,PC,49.99,DE,FALSE,FALSE
TX-201066,2025-04-07,LifeSpace,Life Simulation,PlayStation,49.99,US,FALSE,FALSE
TX-201067,2025-08-22,Highland Velocity,Racing,PC,59.99,FR,FALSE,FALSE
TX-201068,2025-07-12,LifeSpace,Life Simulation,PlayStation,49.99,UK,FALSE,TRUE
TX-201069,2025-10-05,Apex Circuit,Racing,Xbox,59.99,DE,FALSE,FALSE
TX-201070,2024-06-27,Highland Velocity,Racing,Switch,59.99,DE,FALSE,FALSE
TX-201071,2025-10-04,Highland Velocity,Racing,Xbox,59.99,FR,FALSE,FALSE
TX-201072,2025-06-12,LifeSpace,Life Simulation,PC,49.99,AU,FALSE,FALSE
TX-201073,2026-02-24,LifeSpace,Life Simulation,PC,49.99,JP,FALSE,TRUE
TX-201074,2025-10-17,Apex Circuit,Racing,PlayStation,59.99,JP,FALSE,FALSE
TX-201075,2024-06-21,LifeSpace,Life Simulation,PC,49.99,AU,FALSE,TRUE
TX-201076,2025-02-26,Highland Velocity,Racing,PC,59.99,DE,FALSE,FALSE
TX-201077,2024-06-02,LifeSpace,Life Simulation,PC,49.99,DE,FALSE,TRUE
TX-201078,2026-03-09,Highland Velocity,Racing,PlayStation,59.99,UK,FALSE,FALSE
TX-201079,2026-05-19,Highland Velocity,Racing,PlayStation,59.99,US,FALSE,FALSE
TX-201080,2024-06-07,Apex Circuit,Racing,Xbox,59.99,CA,FALSE,FALSE
TX-201081,2025-04-08,Highland Velocity,Racing,Xbox,59.99,BR,FALSE,TRUE
TX-201082,2025-07-22,Apex Circuit,Racing,PlayStation,59.99,JP,FALSE,FALSE
TX-201083,2025-05-25,Apex Circuit,Racing,Switch,59.99,UK,FALSE,FALSE
TX-201084,2026-04-09,Apex Circuit,Racing,PlayStation,59.99,CA,FALSE,FALSE
TX-201085,2026-03-18,Apex Circuit,Racing,PlayStation,59.99,BR,FALSE,FALSE
TX-201086,2024-08-22,LifeSpace,Life Simulation,PC,49.99,AU,TRUE,FALSE
TX-201087,2024-12-05,Streetline Skate,Skateboarding,Xbox,39.99,US,FALSE,FALSE
TX-201088,2025-05-22,Streetline Skate,Skateboarding,Xbox,39.99,BR,FALSE,FALSE
TX-201089,2025-12-09,Highland Velocity,Racing,PlayStation,59.99,CA,FALSE,FALSE
TX-201090,2024-10-19,Streetline Skate,Skateboarding,PC,39.99,US,FALSE,FALSE
TX-201091,2025-05-07,Apex Circuit,Racing,Xbox,59.99,DE,FALSE,FALSE
TX-201092,2024-11-05,LifeSpace,Life Simulation,PC,49.99,CA,FALSE,FALSE
TX-201093,2025-05-07,Streetline Skate,Skateboarding,Xbox,39.99,AU,FALSE,FALSE
TX-201094,2024-08-01,LifeSpace,Life Simulation,PC,49.99,BR,FALSE,FALSE
TX-201095,2025-11-28,Apex Circuit,Racing,Xbox,59.99,FR,FALSE,FALSE
TX-201096,2026-02-28,Streetline Skate,Skateboarding,Xbox,39.99,DE,FALSE,FALSE
TX-201097,2024-12-06,Streetline Skate,Skateboarding,PC,39.99,FR,FALSE,FALSE
TX-201098,2026-04-29,Apex Circuit,Racing,Xbox,59.99,BR,FALSE,FALSE
TX-201099,2024-10-12,Streetline Skate,Skateboarding,PlayStation,39.99,UK,FALSE,FALSE
TX-201100,2026-01-01,Streetline Skate,Skateboarding,Xbox,39.99,AU,FALSE,FALSE
TX-201101,2025-06-04,Highland Velocity,Racing,PlayStation,59.99,JP,FALSE,FALSE
TX-201102,2025-09-23,LifeSpace,Life Simulation,PC,49.99,BR,FALSE,TRUE
TX-201103,2025-01-02,Highland Velocity,Racing,Xbox,59.99,FR,FALSE,FALSE
TX-201104,2025-10-10,Highland Velocity,Racing,PC,59.99,CA,FALSE,FALSE
TX-201105,2024-09-12,LifeSpace,Life Simulation,PC,49.99,US,FALSE,TRUE
TX-201106,2025-10-22,LifeSpace,Life Simulation,PC,49.99,UK,FALSE,FALSE
TX-201107,2024-11-27,Apex Circuit,Racing,PlayStation,59.99,JP,FALSE,FALSE
TX-201108,2025-05-15,Streetline Skate,Skateboarding,PC,39.99,DE,FALSE,FALSE
TX-201109,2025-05-10,Highland Velocity,Racing,Xbox,59.99,US,FALSE,TRUE
TX-201110,2025-02-02,Highland Velocity,Racing,Xbox,59.99,UK,FALSE,FALSE
TX-201111,2025-04-14,LifeSpace,Life Simulation,PC,49.99,FR,FALSE,FALSE
TX-201112,2026-02-19,LifeSpace,Life Simulation,PC,49.99,AU,TRUE,TRUE
TX-201113,2025-05-30,LifeSpace,Life Simulation,PC,49.99,US,TRUE,FALSE
TX-201114,2025-01-18,Streetline Skate,Skateboarding,PC,39.99,DE,FALSE,FALSE
TX-201115,2025-11-29,Apex Circuit,Racing,PC,59.99,AU,FALSE,FALSE
TX-201116,2024-09-10,LifeSpace,Life Simulation,PC,49.99,JP,TRUE,FALSE
TX-201117,2026-02-07,LifeSpace,Life Simulation,PC,49.99,AU,FALSE,FALSE
TX-201118,2024-06-18,Highland Velocity,Racing,PC,59.99,FR,FALSE,FALSE
TX-201119,2024-09-21,LifeSpace,Life Simulation,PC,49.99,DE,FALSE,TRUE
TX-201120,2025-06-07,LifeSpace,Life Simulation,PC,49.99,DE,FALSE,FALSE
TX-201121,2026-03-03,Streetline Skate,Skateboarding,PlayStation,39.99,US,FALSE,FALSE
TX-201122,2024-12-02,LifeSpace,Life Simulation,PC,49.99,CA,TRUE,TRUE
TX-201123,2024-08-15,LifeSpace,Life Simulation,PC,49.99,DE,TRUE,FALSE
TX-201124,2026-01-15,Highland Velocity,Racing,PC,59.99,DE,FALSE,FALSE
TX-201125,2026-02-26,Highland Velocity,Racing,PlayStation,59.99,BR,FALSE,FALSE
TX-201126,2024-09-16,Highland Velocity,Racing,PlayStation,59.99,JP,FALSE,FALSE
TX-201127,2024-12-24,Streetline Skate,Skateboarding,Xbox,39.99,BR,FALSE,FALSE
TX-201128,2025-07-14,LifeSpace,Life Simulation,PC,49.99,US,FALSE,FALSE
TX-201129,2025-02-01,LifeSpace,Life Simulation,PlayStation,49.99,CA,FALSE,FALSE
TX-201130,2024-10-12,LifeSpace,Life Simulation,PC,49.99,FR,TRUE,FALSE
TX-201131,2025-05-19,Streetline Skate,Skateboarding,PlayStation,39.99,DE,FALSE,FALSE
TX-201132,2025-02-11,Streetline Skate,Skateboarding,PC,39.99,AU,FALSE,FALSE
TX-201133,2025-12-19,LifeSpace,Life Simulation,PC,49.99,JP,FALSE,TRUE
TX-201134,2025-12-18,Apex Circuit,Racing,PlayStation,59.99,JP,FALSE,FALSE
TX-201135,2024-06-09,Apex Circuit,Racing,PlayStation,59.99,DE,FALSE,FALSE
TX-201136,2025-11-25,LifeSpace,Life Simulation,PC,49.99,DE,FALSE,TRUE
TX-201137,2026-04-12,Streetline Skate,Skateboarding,Xbox,39.99,JP,FALSE,FALSE
TX-201138,2025-10-12,Highland Velocity,Racing,PC,59.99,UK,FALSE,FALSE
TX-201139,2024-12-24,Highland Velocity,Racing,PlayStation,59.99,DE,FALSE,FALSE
TX-201140,2025-08-25,Apex Circuit,Racing,PlayStation,59.99,BR,FALSE,FALSE
TX-201141,2025-11-08,Streetline Skate,Skateboarding,PC,39.99,JP,FALSE,FALSE
TX-201142,2024-08-01,LifeSpace,Life Simulation,PC,49.99,US,TRUE,FALSE
TX-201143,2025-03-07,Streetline Skate,Skateboarding,PC,39.99,JP,FALSE,FALSE
TX-201144,2026-05-04,Highland Velocity,Racing,PC,59.99,CA,FALSE,FALSE
TX-201145,2025-01-13,Streetline Skate,Skateboarding,PlayStation,39.99,CA,FALSE,FALSE
TX-201146,2025-08-13,Apex Circuit,Racing,PlayStation,59.99,CA,FALSE,FALSE
TX-201147,2024-12-03,LifeSpace,Life Simulation,PC,49.99,BR,FALSE,FALSE
TX-201148,2024-09-17,LifeSpace,Life Simulation,PC,49.99,BR,FALSE,FALSE
TX-201149,2026-01-21,Streetline Skate,Skateboarding,PC,39.99,FR,FALSE,FALSE
TX-201150,2025-09-09,LifeSpace,Life Simulation,PlayStation,49.99,FR,FALSE,FALSE
TX-201151,2025-08-04,Streetline Skate,Skateboarding,PlayStation,39.99,BR,FALSE,FALSE
TX-201152,2024-07-28,LifeSpace,Life Simulation,PC,49.99,US,FALSE,FALSE
TX-201153,2025-10-28,LifeSpace,Life Simulation,PC,49.99,FR,FALSE,FALSE
TX-201154,2025-01-25,LifeSpace,Life Simulation,PC,49.99,UK,FALSE,FALSE
TX-201155,2026-01-11,Highland Velocity,Racing,Switch,59.99,UK,FALSE,FALSE
TX-201156,2025-10-30,Streetline Skate,Skateboarding,PC,39.99,AU,FALSE,FALSE
TX-201157,2026-05-09,LifeSpace,Life Simulation,PC,49.99,CA,FALSE,FALSE
TX-201158,2026-01-05,Streetline Skate,Skateboarding,Xbox,39.99,BR,FALSE,FALSE
TX-201159,2026-04-13,Apex Circuit,Racing,Xbox,59.99,US,FALSE,FALSE
TX-201160,2025-02-12,LifeSpace,Life Simulation,PC,49.99,DE,FALSE,FALSE
TX-201161,2025-07-14,LifeSpace,Life Simulation,PC,49.99,FR,FALSE,FALSE
TX-201162,2026-01-03,Streetline Skate,Skateboarding,Xbox,39.99,JP,FALSE,FALSE
TX-201163,2024-08-18,Highland Velocity,Racing,Xbox,59.99,JP,FALSE,FALSE
TX-201164,2025-06-22,Highland Velocity,Racing,Xbox,59.99,CA,FALSE,FALSE
TX-201165,2024-08-02,Apex Circuit,Racing,Xbox,59.99,BR,FALSE,FALSE
TX-201166,2024-09-12,LifeSpace,Life Simulation,PC,49.99,CA,FALSE,FALSE
TX-201167,2025-03-18,Streetline Skate,Skateboarding,Xbox,39.99,JP,FALSE,FALSE
TX-201168,2025-03-03,Streetline Skate,Skateboarding,Xbox,39.99,JP,FALSE,FALSE
TX-201169,2026-04-12,Highland Velocity,Racing,PC,59.99,FR,FALSE,FALSE
TX-201170,2025-07-26,LifeSpace,Life Simulation,PC,49.99,DE,FALSE,FALSE
TX-201171,2025-05-21,Streetline Skate,Skateboarding,PC,39.99,CA,FALSE,FALSE
TX-201172,2025-07-04,LifeSpace,Life Simulation,PlayStation,49.99,UK,FALSE,FALSE
TX-201173,2026-04-15,Apex Circuit,Racing,Xbox,59.99,US,FALSE,FALSE
TX-201174,2026-05-02,LifeSpace,Life Simulation,PC,49.99,DE,FALSE,FALSE
TX-201175,2026-02-07,Apex Circuit,Racing,PC,59.99,JP,FALSE,FALSE
TX-201176,2025-08-07,Highland Velocity,Racing,PlayStation,59.99,AU,FALSE,FALSE
TX-201177,2025-08-15,Apex Circuit,Racing,PlayStation,59.99,FR,FALSE,FALSE
TX-201178,2025-03-06,Highland Velocity,Racing,PlayStation,59.99,BR,FALSE,FALSE
TX-201179,2026-02-09,LifeSpace,Life Simulation,PC,49.99,AU,FALSE,TRUE
TX-201180,2026-03-08,Streetline Skate,Skateboarding,PC,39.99,DE,FALSE,FALSE
TX-201181,2025-01-02,LifeSpace,Life Simulation,PC,49.99,CA,FALSE,FALSE
TX-201182,2026-02-27,Streetline Skate,Skateboarding,Xbox,39.99,US,FALSE,FALSE
TX-201183,2024-12-22,Streetline Skate,Skateboarding,PC,39.99,US,FALSE,FALSE
TX-201184,2024-09-14,LifeSpace,Life Simulation,PC,49.99,FR,FALSE,TRUE
TX-201185,2025-03-04,Streetline Skate,Skateboarding,PlayStation,39.99,DE,FALSE,FALSE
TX-201186,2025-08-25,Highland Velocity,Racing,Xbox,59.99,BR,FALSE,FALSE
TX-201187,2025-02-18,Apex Circuit,Racing,PlayStation,59.99,JP,FALSE,FALSE
TX-201188,2025-12-06,LifeSpace,Life Simulation,PC,49.99,BR,FALSE,FALSE
TX-201189,2025-04-16,Apex Circuit,Racing,Xbox,59.99,CA,FALSE,FALSE
TX-201190,2024-06-21,LifeSpace,Life Simulation,PC,49.99,US,TRUE,FALSE
TX-201191,2025-10-01,Highland Velocity,Racing,PlayStation,59.99,JP,FALSE,FALSE
TX-201192,2024-10-14,Streetline Skate,Skateboarding,PlayStation,39.99,FR,FALSE,FALSE
TX-201193,2024-12-25,LifeSpace,Life Simulation,PC,49.99,DE,TRUE,FALSE
TX-201194,2025-05-14,Streetline Skate,Skateboarding,PC,39.99,AU,FALSE,FALSE
TX-201195,2025-03-07,Apex Circuit,Racing,Xbox,59.99,AU,FALSE,FALSE
TX-201196,2025-04-05,Highland Velocity,Racing,PlayStation,59.99,US,FALSE,FALSE
TX-201197,2025-06-05,LifeSpace,Life Simulation,PC,49.99,US,FALSE,FALSE
TX-201198,2024-07-04,Streetline Skate,Skateboarding,PC,39.99,UK,FALSE,FALSE
TX-201199,2026-03-02,Streetline Skate,Skateboarding,Xbox,39.99,AU,FALSE,FALSE
TX-201200,2026-04-15,Streetline Skate,Skateboarding,PlayStation,39.99,JP,FALSE,FALSE
